CD_CONTA_CONTABIL,DESCRICAO,sum,count
411611161,Despesas com Eventos / Sinistros,821754303.0,865
411121061,Despesas com Eventos / Sinistros,516255345.0,679
411411061,Despesas com Eventos / Sinistros,461694476.0,530
411112181,Despesas com Eventos / Sinistros,450909467.0,955
411111721,Despesas com Eventos / Sinistros na modalidade de pagamento por procedimento,437402876.0,502
463819011,Amortizações,348370065.0,1409
411111061,Despesas com Eventos / Sinistros,330389272.0,1252
411511161,Despesas com Eventos / Sinistros,259268684.0,660
411511121,Despesas com Eventos / Sinistros,256712938.0,650
411611141,Despesas com Eventos / Sinistros,225584302.0,788
411111261,Despesas com Eventos / Sinistros na modalidade de pagamento por procedimento,216445256.0,821
461119011,Honorários de Diretoria,188709009.0,1450
411111161,Despesas com Eventos / Sinistros na modalidade de pagamento por procedimento,181659044.0,967
411511021,Despesas com Eventos / Sinistros,160066841.0,432
411111021,Despesas com Eventos / Sinistros,158418263.0,993
414119011,Provisão de Eventos/Sinistros Ocorridos e Não Avisados - Outros Prestadores,155491004.0,1631
442999011,Outras Despesas Operacionais,144510235.0,1281
462119014,Honorários de Serviços Técnicos,138410651.0,2282
442999111,Outras Despesas Operacionais,121031725.0,579
411112281,Despesas com Eventos / Sinistros,115487874.0,530
411111221,Despesas com Eventos / Sinistros na modalidade de pagamento por procedimento,108480855.0,822
442119012,Despesas com Prestação de Serviços - Hospitalar,102643580.0,461
461919019,Outras Despesas,95903225.0,1796
442999211,Outras Despesas Operacionais,95329375.0,242
411111031,Despesas com Eventos / Sinistros na modalidade de pagamento por procedimento,94609982.0,523
441319717,Despesas com Serviços Prestados por Terceiros,94479848.0,70
411511141,Despesas com Eventos / Sinistros,93716084.0,595
468119019,Outras Despesas,74260359.0,2370
441319019,Outras Despesas,72646276.0,1335
461419011,Previdência Social,71296381.0,2429
462119019,Outras Despesas,69000097.0,2106
461119111,Honorários de Diretoria,64717138.0,638
411112051,Despesas com Eventos / Sinistros,60130095.0,312
411511061,Despesas com Eventos / Sinistros,60082265.0,475
411712041,Despesas com Eventos / Sinistros,57272851.0,304
411111141,Despesas com Eventos / Sinistros na modalidade de pagamento por procedimento,54803360.0,892
442119119,Despesas com Prestação de Serviços - Outros,53831010.0,653
411511221,Despesas com Eventos / Sinistros,53822152.0,205
411111121,Despesas com Eventos / Sinistros na modalidade de pagamento por procedimento,52539823.0,980
461219011,Salários e Ordenados,50794823.0,2492
411512181,Despesas com Eventos / Sinistros,48912302.0,483
411111241,Despesas com Eventos / Sinistros na modalidade de pagamento por procedimento,47332069.0,755
411111761,Despesas com Eventos / Sinistros na modalidade de pagamento por procedimento,47172645.0,502
411911061,Despesas com Eventos / Sinistros,45979500.0,326
411611121,Despesas com Eventos / Sinistros,44701356.0,853
442119019,Despesas com Prestação de Serviços - Outros,40994275.0,1002
411111041,Despesas com Eventos / Sinistros,40471795.0,1075
411611221,Despesas com Eventos / Sinistros,40376274.0,322
411711021,Despesas com Eventos / Sinistros,39926458.0,600
411211061,Despesas com Eventos / Sinistros,39323791.0,433
462119012,Honorários de Auditoria,39007521.0,2354
411611241,Despesas com Eventos / Sinistros,37004432.0,276
411611061,Despesas com Eventos / Sinistros,36508357.0,456
441319017,Despesas com Serviços Prestados por Terceiros,35177716.0,777
411122081,Despesas com Eventos / Sinistros,35030340.0,297
411511041,Despesas com Eventos / Sinistros,34912357.0,421
411412281,Despesas com Eventos / Sinistros,34772622.0,203
462119011,Honorários Advocatícios,30994931.0,2317
411111011,Despesas com Eventos / Sinistros,30891727.0,728
411111267,Despesas com Eventos/Sinistros - Judicial,29830649.0,99
461719011,Alimentação ao Trabalhador,28430212.0,2106
461419111,Previdência Social,27311688.0,692
431111142,Comissão/Agenciamento,26257786.0,342
441319042,Despesas com Provisão para Contingências,25854051.0,714
411511111,Despesas com Eventos / Sinistros,24112016.0,582
463119011,Aluguel,23727896.0,1977
468119013,Despesas Judiciais,23633158.0,1914
461119012,Honorários do Conselho de Administração,23334810.0,756
461119017,Gratificações,21986808.0,337
411111741,Despesas com Eventos / Sinistros na modalidade de pagamento por procedimento,21731715.0,467
441919011,Provisão Sobre Contraprest. Pecuniárias/Prêmios a Receber de Assist. Méd-Hospitalar,21071784.0,1846
462119013,Honorários de Consultoria,21052007.0,2326
464119011,Publicidade e Propaganda,21023556.0,2091
461219016,Ajuda de Custo,19804300.0,755
411411761,Despesas com Eventos / Sinistros,18836151.0,166
411111111,Despesas com Eventos / Sinistros na modalidade de pagamento por procedimento,18498027.0,931
442119013,Despesas com Prestação de Serviços - Ambulatorial,18272622.0,337
453119712,Empréstimos Bancários,18072232.0,104
461119112,Honorários do Conselho de Administração,18067257.0,506
411612141,Despesas com Eventos / Sinistros,17952575.0,239
466119011,Multas Administrativas aplicadas pela ANS,17272874.0,768
453119012,Empréstimos Bancários,16728610.0,778
461219014,13º Salário/Férias,16026991.0,2440
411612161,Despesas com Eventos / Sinistros,15822959.0,409
461219017,Participação no Resultado/Remuneração Variável/Remuneração por Performance,15511826.0,452
462119111,Honorários Advocatícios,15343307.0,653
461119019,Outras Despesas,14577766.0,930
464119019,Outras Despesas,14461326.0,949
411411261,Despesas com Eventos / Sinistros,13992968.0,332
462119213,Honorários de Consultoria,13622438.0,259
411111131,Despesas com Eventos / Sinistros na modalidade de pagamento por procedimento,13607954.0,464
411612031,Despesas com Eventos / Sinistros,13561119.0,231
461719111,Alimentação ao Trabalhador,13180768.0,676
441319011,Confecção de Carteiras/Livro de Credenciamento,13163333.0,657
411412061,Despesas com Eventos / Sinistros,12249977.0,323
461119119,Outras Despesas,12231397.0,518
471219011,Resultado de Equivalência Patrimonial,12003599.0,442
463819012,Perda por Redução ao Valor Recuperável,11874626.0,247
458219011,Juros sobre Capital Próprio,11769315.0,361
471219119,Outras despesas,11759630.0,21
411111251,Despesas com Eventos / Sinistros na modalidade de pagamento por procedimento,11689985.0,564
442119219,Despesas com Prestação de Serviços - Outros,11534148.0,357
411111067,Despesas com Eventos/Sinistros - Judicial,11498272.0,347
461219013,Gratificações,11473334.0,1290
411711741,Despesas com Eventos / Sinistros,11278654.0,321
411411241,Despesas com Eventos / Sinistros,11141524.0,307
463319011,Aluguel,10909654.0,1334
441919021,Provisão Sobre Demais Créditos de Operações de Assist. Méd-Hospitalar,10742437.0,871
441519011,Despesas com Programa de Promoção da Saúde e Prevenção de Riscos e Doenças - Aprovadas pela DIPRO,10637326.0,719
411111231,Despesas com Eventos / Sinistros na modalidade de pagamento por procedimento,10539148.0,385
441919121,Provisão Sobre Demais Créditos de Operações de Assist. Méd-Hospitalar,10511143.0,288
411612241,Despesas com Eventos / Sinistros,10488193.0,96
442119015,Custo de ociosidade rede própria,10268968.0,398
441319142,Despesas com Provisão para Contingências,10268612.0,260
411811761,Despesas com Eventos / Sinistros,10119865.0,291
414119111,Provisão de Eventos/Sinistros Ocorridos e Não Avisados - Outros Prestadores,10010284.0,858
411511261,Despesas com Eventos / Sinistros,9800559.0,204
411811111,Despesas com Eventos / Sinistros,9461083.0,189
411112041,Despesas com Eventos / Sinistros,9185479.0,381
441319242,Despesas com Provisão para Contingências,9026070.0,112
471319012,Imobilizado,8805596.0,753
411711061,Despesas com Eventos / Sinistros,8700772.0,800
411611261,Despesas com Eventos / Sinistros,8682180.0,329
411511131,Despesas com Eventos / Sinistros,8519879.0,308
461119114,Honorários do Conselho Fiscal,8366807.0,507
411411051,Despesas com Eventos / Sinistros,8044883.0,337
458219111,Juros sobre Capital Próprio,8038159.0,96
461219114,13º Salário/Férias,7981182.0,692
411112781,Despesas com Eventos / Sinistros,7859651.0,322
462119114,Honorários de Serviços Técnicos,7848534.0,548
411911741,Despesas com Eventos / Sinistros,7372656.0,24
411512041,Despesas com Eventos / Sinistros,7262631.0,269
461419012,FGTS,7257359.0,2458
461119014,Honorários do Conselho Fiscal,7064925.0,727
463719011,Depreciações,6604178.0,2408
461119013,Honorários do Conselho Consultivo,6547965.0,461
451219011,Ajuste ao valor de mercado,6455386.0,303
441919111,Provisão Sobre Contraprest. Pecuniárias/Prêmios a Receber de Assist. Méd-Hospitalar,6308458.0,625
461119113,Honorários do Conselho Consultivo,6190687.0,272
411311021,Despesas com Eventos / Sinistros,6093950.0,309
463319113,Manutenção e Consertos,6045014.0,624
411811261,Despesas com Eventos / Sinistros,5964700.0,190
463919014,Despesas com Comunicação,5821178.0,2416
411211021,Despesas com Eventos / Sinistros,5703105.0,378
461319011,Aviso Prévio,5568485.0,1385
462119112,Honorários de Auditoria,5498776.0,646
463919013,Despesas com Locomoção,5456296.0,1940
461219015,Reclamações Trabalhistas,5299324.0,518
411512281,Despesas com Eventos / Sinistros,5212719.0,117
441319117,Despesas com Serviços Prestados por Terceiros,5178532.0,223
461619011,Formação Profissional,5176870.0,1274
461419211,Previdência Social,5129927.0,283
468119012,Despesas com Contribuições e Donativos,4993292.0,1247
411212061,Despesas com Eventos / Sinistros,4961451.0,283
431111022,Comissão/Agenciamento,4935370.0,1055
411121021,Despesas com Eventos / Sinistros ,4736560.0,600
411111227,Despesas com Eventos/Sinistros - Judicial,4698178.0,87
411611111,Despesas com Eventos / Sinistros,4625264.0,807
453219219,Outros Financiamentos,4617565.0,11
411111211,Despesas com Eventos / Sinistros na modalidade de pagamento por procedimento,4608343.0,792
441319018,Despesas com Taxa de Administração - Administradora de Benefícios,4563442.0,293
463119111,Aluguel,4537401.0,591
411412041,Despesas com Eventos / Sinistros,4481685.0,288
464119012,Brindes,4372637.0,1372
411111081,Despesas com Eventos / Sinistros,4349637.0,390
463119013,Condomínios e Taxas,4320584.0,1283
411321021,Despesas com Eventos / Sinistros,4283733.0,267
411512161,Despesas com Eventos / Sinistros,4224391.0,287
461619111,Formação Profissional,4188145.0,486
458119212,Atualização Monetária,4124318.0,110
411411041,Despesas com Eventos / Sinistros,4106175.0,476
411212081,Despesas com Eventos / Sinistros,4093701.0,267
441929011,Provisão Sobre Contraprest. Pecuniárias/Prêmios a Receber de Assist. Odontológica,3998512.0,707
441519012,Despesas com Programa de Promoção da Saúde e Prevenção de Riscos e Doenças - Não aprovadas pela DIPRO,3989858.0,561
461319713,Indenizações Trabalhistas,3983608.0,122
411611211,Despesas com Eventos / Sinistros,3923763.0,298
458919119,Despesas Financeiras Diversas,3902238.0,530
441329019,Outras Despesas,3898788.0,456
468119112,Despesas com Contribuições e Donativos,3861729.0,526
461119016,Ajuda de Custo,3837074.0,416
431111021,Remuneração ¿ Pessoal Próprio (Assalariado),3837065.0,684
411511241,Despesas com Eventos / Sinistros,3806390.0,183
471319011,Investimentos,3801636.0,283
464119013,Promoções,3730031.0,607
411521061,Despesas com Eventos / Sinistros,3696369.0,266
466119012,Multas Administrativas aplicadas pela ANS - contingências,3689608.0,410
411112161,Despesas com Eventos / Sinistros,3659651.0,507
463119019,Outras Despesas,3618307.0,1633
411211011,Despesas com Eventos / Sinistros,3588714.0,333
411411021,Despesas com Eventos / Sinistros,3543688.0,422
463319013,Manutenção e Consertos,3531343.0,1752
411112141,Despesas com Eventos / Sinistros,3386405.0,300
463319111,Aluguel,3374941.0,473
463919019,Outras Despesas com Localização e Funcionamento,3361794.0,1429
463119014,"Água, Luz e Gás",3359691.0,2322
461519011,Despesas com Assistência Médica/ Odontológica,3359130.0,1708
411511151,Despesas com Eventos / Sinistros,3351647.0,408
441319022,Amortização com Aquisição de Carteiras,3310196.0,283
411611021,Despesas com Eventos / Sinistros,3215090.0,289
431111042,Comissão/Agenciamento,3112577.0,965
461119015,Representação Social,3086730.0,398
463919011,Despesas com Expediente,3075708.0,2328
461219111,Salários e Ordenados,2978437.0,692
411611131,Despesas com Eventos / Sinistros,2907280.0,377
458319011,Despesas por Pagamentos em Atraso,2857748.0,1783
458919019,Despesas Financeiras Diversas,2831841.0,2317
461419112,FGTS,2745838.0,692
462119113,Honorários de Consultoria,2640138.0,616
468119113,Despesas Judiciais,2561145.0,565
442119712,Despesas com Prestação de Serviços - Hospitalar,2414927.0,66
462119119,Outras Despesas,2378980.0,584
411211752,(-) Glosas,2375000.0,5
442119031,Provisão Sobre Créditos de Operações  de Assistência Não Relacionadas com Plano de.Saúde,2164945.0,546
463119016,Consertos,2161041.0,1710
464119111,Publicidade e Propaganda,2144143.0,663
458419011,Imposto de Renda,2137088.0,746
411611731,Despesas com Eventos / Sinistros,2136897.0,54
441519112,Despesas com Programa de Promoção da Saúde e Prevenção de Riscos e Doenças - Não aprovadas pela DIPRO,2130028.0,218
462119713,Honorários de Consultoria,2103910.0,213
411111711,Despesas com Eventos / Sinistros na modalidade de pagamento por procedimento,2046867.0,451
442129019,Despesas com Prestação de Serviços - Outros,2030303.0,426
431121042,Comissão/Agenciamento,1990156.0,393
461219214,13º Salário/Férias,1989687.0,284
411112261,Despesas com Eventos / Sinistros,1988909.0,420
411711041,Despesas com Eventos / Sinistros,1983062.0,668
411112081,Despesas com Eventos / Sinistros,1980704.0,464
411411727,Despesas com Eventos/Sinistros - Judicial,1948485.0,12
461119211,Honorários de Diretoria,1924865.0,251
411411211,Despesas com Eventos / Sinistros,1899086.0,281
411111151,Despesas com Eventos / Sinistros na modalidade de pagamento por procedimento,1861975.0,701
465119019,Impostos Municipais,1852479.0,1927
461319013,Indenizações Trabalhistas,1787547.0,1072
466119018,Multas Administrativas diversas,1755481.0,473
411612261,Despesas com Eventos / Sinistros,1746235.0,155
465219012,Contribuição Sindical,1734993.0,854
411711711,Despesas com Eventos / Sinistros,1734237.0,209
411811061,Despesas com Eventos / Sinistros,1725078.0,893
468119011,Despesas com Publicações,1700725.0,841
466119111,Multas Administrativas aplicadas pela ANS,1681690.0,197
442119112,Despesas com Prestação de Serviços - Hospitalar,1680105.0,151
461419711,Previdência Social,1676973.0,222
451119219,Outras Despesas,1660747.0,24
461819011,Vale Transporte,1628566.0,2134
462219011,Encargos Sociais com Serviços de Terceiros,1609351.0,862
458119012,Atualização Monetária,1590591.0,611
464119119,Outras Despesas,1587657.0,396
462119211,Honorários Advocatícios,1535096.0,276
465219011,PIS/PASEP,1522131.0,700
411711121,Despesas com Eventos / Sinistros,1485371.0,230
461219019,Outras Despesas,1478548.0,1626
465119011,Impostos Federais,1470386.0,1041
431111023,Encargos Sociais,1446064.0,511
411711761,Despesas com Eventos / Sinistros,1443827.0,358
463319019,Outras Despesas,1408994.0,1155
442219111,Despesas com Intercâmbio Eventual por Diferença de Tabela,1399898.0,446
465219019,Outras Contribuições,1362675.0,1268
441519111,Despesas com Programa de Promoção da Saúde e Prevenção de Riscos e Doenças - Aprovadas pela DIPRO,1348657.0,354
452119111,Descontos Concedidos,1301812.0,513
466119211,Multas Administrativas aplicadas pela ANS,1297349.0,115
411911261,Despesas com Eventos / Sinistros,1294907.0,29
461219714,13º Salário/Férias,1273418.0,224
465319011,Taxa de Saúde Suplementar,1260956.0,1709
461519111,Despesas com Assistência Médica/ Odontológica,1258184.0,585
441319112,Despesas com Cobrança,1247672.0,350
411311061,Despesas com Eventos / Sinistros,1246852.0,323
411112251,Despesas com Eventos / Sinistros,1228351.0,243
411211041,Despesas com Eventos / Sinistros,1216398.0,384
431111032,Comissão/Agenciamento,1206631.0,681
441919211,Provisão Sobre Contraprest. Pecuniárias/Prêmios a Receber de Assist. Méd-Hospitalar,1200321.0,267
441519211,Despesas com Programa de Promoção da Saúde e Prevenção de Riscos e Doenças - Aprovadas pela DIPRO,1190712.0,167
461119116,Ajuda de Custo,1170802.0,133
441319041,Despesas com Eventos/Sinistros não cobertos,1152435.0,514
471119111,Despesas com Serviços de Terceiros,1140000.0,20
461119219,Outras Despesas,1119647.0,242
411711727,Despesas com Eventos/Sinistros - Judicial,1108237.0,57
442119719,Despesas com Prestação de Serviços - Outros,1102645.0,272
463919111,Despesas com Expediente,1101328.0,693
442119014,Despesas com Prestação de Serviços - Diagnósticos,1054458.0,334
442999711,Outras Despesas Operacionais,1053215.0,258
411411227,Despesas com Eventos/Sinistros - Judicial,1048099.0,22
441329017,Despesas com Serviços Prestados por Terceiros,1036532.0,353
462119015,Fretes e Carretos,1035937.0,1418
411512251,Despesas com Eventos / Sinistros,1030574.0,51
465219119,Outras Contribuições,1019301.0,367
468119111,Despesas com Publicações,1019210.0,312
462119711,Honorários Advocatícios,989231.0,219
411711721,Despesas com Eventos / Sinistros,983360.0,360
411711161,Despesas com Eventos / Sinistros,972392.0,222
411911131,Despesas com Eventos / Sinistros,969814.0,27
464119211,Publicidade e Propaganda,965995.0,273
441319121,Gastos com Aquisição de Carteiras,959300.0,2
411111127,Despesas com Eventos/Sinistros - Judicial,958496.0,92
411111167,Despesas com Eventos/Sinistros - Judicial,956406.0,89
463119219,Outras Despesas,913623.0,190
461719211,Alimentação ao Trabalhador,909263.0,275
411612761,Despesas com Eventos / Sinistros,855751.0,67
461319113,Indenizações Trabalhistas,853601.0,327
463919012,Despesas com Seguros,842658.0,1771
465119119,Impostos Municipais,827110.0,639
453119112,Empréstimos Bancários,824968.0,281
411111147,Despesas com Eventos/Sinistros - Judicial,824186.0,68
441319012,Despesas com Cobrança,817336.0,964
411511781,Despesas com Eventos / Sinistros,816717.0,9
461219012,Serviços Extraordinários,800631.0,1234
411511211,Despesas com Eventos / Sinistros,769937.0,180
453219111,Financiamentos para Aquisição de Ativos,760771.0,103
462119219,Outras Despesas,737780.0,254
462119719,Outras Despesas,724487.0,221
411711227,Despesas com Eventos/Sinistros - Judicial,724111.0,34
441319113,Despesas com Encargos Sociais,721932.0,96
466119112,Multas Administrativas aplicadas pela ANS - contingências,720746.0,47
461919119,Outras Despesas,719371.0,610
462219111,Encargos Sociais com Serviços de Terceiros,709512.0,400
441319219,Outras Despesas,707009.0,241
411121041,Despesas com Eventos / Sinistros,702771.0,584
461119212,Honorários do Conselho de Administração,689177.0,223
463919119,Outras Despesas com Localização e Funcionamento,669270.0,399
411911021,Despesas com Eventos / Sinistros,667143.0,294
468119213,Despesas Judiciais,665923.0,246
466119118,Multas Administrativas diversas,664910.0,91
411312041,Despesas com Eventos / Sinistros,664664.0,249
463919112,Despesas com Seguros,662694.0,660
411621061,Despesas com Eventos / Sinistros,658403.0,298
411111767,Despesas com Eventos/Sinistros - Judicial,656561.0,62
441319119,Outras Despesas,651759.0,487
441319141,Despesas com Eventos/Sinistros não cobertos,651088.0,202
411812761,Despesas com Eventos / Sinistros,649884.0,98
463919113,Despesas com Locomoção,648321.0,621
461819111,Vale Transporte,642652.0,582
458319111,Despesas por Pagamentos em Atraso,629340.0,551
468119119,Outras Despesas,620977.0,697
411412181,Despesas com Eventos / Sinistros,616592.0,224
411712061,Despesas com Eventos / Sinistros,614619.0,361
442119115,Custo de ociosidade rede própria,610136.0,261
441519711,Despesas com Programa de Promoção da Saúde e Prevenção de Riscos e Doenças - Aprovadas pela DIPRO,594189.0,135
463119116,Consertos,588344.0,620
458119011,Juros,585236.0,1504
411511721,Despesas com Eventos / Sinistros,581436.0,78
461219119,Outras Despesas,578562.0,506
411111727,Despesas com Eventos/Sinistros - Judicial,576742.0,58
411112061,Despesas com Eventos / Sinistros,574574.0,466
463119211,Aluguel,574186.0,244
463119114,"Água, Luz e Gás",565798.0,692
464119219,Outras Despesas,562302.0,178
463919114,Despesas com Comunicação,558252.0,689
431111121,Remuneração ¿ Pessoal Próprio (Assalariado),553181.0,345
462119115,Fretes e Carretos,552635.0,566
452119012,Despesas Financeiras do Ressarcimento ao SUS,546314.0,626
441319021,Gastos com Aquisição de Carteiras,540000.0,265
461319111,Aviso Prévio,538536.0,423
411621161,Despesas com Eventos / Sinistros,538498.0,50
461619012,Instrução,534625.0,759
411711767,Despesas com Eventos/Sinistros - Judicial,533445.0,59
463119214,"Água, Luz e Gás",528229.0,280
414119211,Provisão de Eventos/Sinistros Ocorridos e Não Avisados - Outros Prestadores,526550.0,287
441319212,Despesas com Cobrança,526446.0,185
411412261,Despesas com Eventos / Sinistros,521464.0,132
463119015,Limpeza,517841.0,1725
462119214,Honorários de Serviços Técnicos,509697.0,221
462119016,Reclamações Judiciais,508026.0,451
411111281,Despesas com Eventos / Sinistros,507123.0,130
411411741,Despesas com Eventos / Sinistros,501425.0,145
441319023,Provisão para Redução ao Valor Recuperável do Ativo relacionado a Aquisição de Carteiras,500000.0,250
411711221,Despesas com Eventos / Sinistros,499399.0,284
431111242,Comissão/Agenciamento,498385.0,170
466119119,Multas Administrativas diversas - contingências,495760.0,18
461319012,Férias Indenizadas,494899.0,620
431111123,Encargos Sociais,494624.0,284
442119131,Provisão Sobre Créditos de Operações  de Assistência Não Relacionadas com Plano de.Saúde,489926.0,259
411711231,Despesas com Eventos / Sinistros,489489.0,62
411811161,Despesas com Eventos / Sinistros,487702.0,217
461419019,Outras Despesas,486413.0,931
411711267,Despesas com Eventos/Sinistros - Judicial,485900.0,36
458919011,Despesas Financeiras com Arrendamentos,478248.0,575
411122181,Despesas com Eventos / Sinistros,471454.0,45
411811711,Despesas com Eventos / Sinistros,463897.0,239
441319114,Despesas com Apólices e Contratos,463051.0,93
461119115,Representação Social,455165.0,106
411511031,Despesas com Eventos / Sinistros,454889.0,333
411711261,Despesas com Eventos / Sinistros,446487.0,269
411211751,Despesas com Eventos / Sinistros,444780.0,7
431112032,Comissão/Agenciamento,438707.0,352
463719711,Depreciações,434875.0,226
411221061,Despesas com Eventos / Sinistros,429241.0,272
411711011,Despesas com Eventos / Sinistros,425427.0,445
411411231,Despesas com Eventos / Sinistros,424222.0,132
463319014,Combustível,421737.0,1546
463119115,Limpeza,420949.0,592
411411221,Despesas com Eventos / Sinistros,405737.0,327
411911147,Despesas com Eventos/Sinistros - Judicial,400160.0,8
458219211,Juros sobre Capital Próprio,398882.0,32
411112067,Despesas com Eventos/Sinistros - Judicial,393202.0,256
463119012,Arrendamento Mercantil,387510.0,371
411111247,Despesas com Eventos/Sinistros - Judicial,385849.0,74
411711211,Despesas com Eventos / Sinistros,370677.0,173
443119112,Despesas Operacionais de Outras Atividades (Confederações e Federações de Cooperativas),370595.0,36
411711731,Despesas com Eventos / Sinistros,358912.0,104
411411721,Despesas com Eventos / Sinistros,355701.0,159
461819211,Vale Transporte,348074.0,250
458419012,Imposto Sobre Operações Financeiras - IOF,343171.0,1603
465119111,Impostos Federais,335603.0,270
451919711,Provisão para Desvalorização de Títulos de Renda Fixa - Privados,332000.0,8
464119112,Brindes,330399.0,536
463319119,Outras Despesas,322232.0,346
441319111,Confecção de Carteiras/Livro de Credenciamento,320718.0,226
431111722,Comissão/Agenciamento,319269.0,121
465219112,Contribuição Sindical,301573.0,325
461819119,Outras Despesas,299549.0,129
411721061,Despesas com Eventos / Sinistros,296295.0,400
431121022,Comissão/Agenciamento,295152.0,464
411711751,Despesas com Eventos / Sinistros,285417.0,108
452119712,Despesas Financeiras do Ressarcimento ao SUS,285111.0,102
466119219,Multas Administrativas diversas - contingências,284960.0,14
411611711,Despesas com Eventos / Sinistros,284305.0,122
462119714,Honorários de Serviços Técnicos,283484.0,185
463319114,Combustível,280070.0,598
465819019,Outros Tributos,275964.0,1074
461219112,Serviços Extraordinários,274589.0,488
458319211,Despesas por Pagamentos em Atraso,270343.0,229
468119212,Despesas com Contribuições e Donativos,266592.0,224
441329014,Despesas com Apólices e Contratos,264544.0,262
431121221,Remuneração ¿ Pessoal Próprio (Assalariado),259306.0,4
461819019,Outras Despesas,258750.0,578
465819219,Outros Tributos,258408.0,102
442119111,Despesas com Prestação de Serviços - SUS,256383.0,58
461319019,Outras Despesas,255311.0,507
411711111,Despesas com Eventos / Sinistros,252962.0,125
411711141,Despesas com Eventos / Sinistros,249054.0,193
464119113,Promoções,248151.0,221
458119112,Atualização Monetária,246607.0,190
461219219,Outras Despesas,244723.0,198
411111747,Despesas com Eventos/Sinistros - Judicial,244420.0,35
463919213,Despesas com Locomoção,243476.0,247
443119012,Despesas Operacionais de Outras Atividades (Confederações e Federações de Cooperativas),240600.0,245
468119713,Despesas Judiciais,239107.0,189
411911711,Despesas com Eventos / Sinistros,238669.0,20
461519211,Despesas com Assistência Médica/ Odontológica,231954.0,236
441319222,Amortização com Aquisição de Carteiras,230466.0,10
411611761,Despesas com Eventos / Sinistros,227179.0,156
411611151,Despesas com Eventos / Sinistros,225490.0,547
411112241,Despesas com Eventos / Sinistros,222557.0,233
411811121,Despesas com Eventos / Sinistros,221659.0,154
463819211,Amortizações,221457.0,220
461119214,Honorários do Conselho Fiscal,218609.0,231
411411751,Despesas com Eventos / Sinistros,218334.0,45
411711757,Despesas com Eventos/Sinistros - Judicial,217220.0,13
411111757,Despesas com Eventos/Sinistros - Judicial,217080.0,19
442119215,Custo de ociosidade rede própria,214892.0,76
463119119,Outras Despesas,211901.0,443
411712761,Despesas com Eventos / Sinistros,207313.0,101
411121121,Despesas com Eventos / Sinistros ,204652.0,95
411711031,Despesas com Eventos / Sinistros,204453.0,365
411411247,Despesas com Eventos/Sinistros - Judicial,200366.0,21
451119011,Ajuste ao valor de mercado,200169.0,344
443119111,Despesas Operacionais de Outras Atividades (Autogestões - Lei 13.127),200000.0,29
442119731,Provisão Sobre Créditos de Operações  de Assistência Não Relacionadas com Plano de.Saúde,198307.0,144
411121221,Despesas com Eventos / Sinistros ,197011.0,8
452119011,Descontos Concedidos,196166.0,1406
411811221,Despesas com Eventos / Sinistros,194373.0,182
458419112,Imposto Sobre Operações Financeiras - IOF,191994.0,460
411711241,Despesas com Eventos / Sinistros,190882.0,238
411111051,Despesas com Eventos / Sinistros,190854.0,552
411911221,Despesas com Eventos / Sinistros,190800.0,32
461419712,FGTS,189793.0,222
431111141,Remuneração ¿ Pessoal Próprio (Assalariado),188908.0,286
411311261,Despesas com Eventos / Sinistros,183800.0,6
411311011,Despesas com Eventos / Sinistros,182000.0,288
461719711,Alimentação ao Trabalhador,179232.0,214
441919711,Provisão Sobre Contraprest. Pecuniárias/Prêmios a Receber de Assist. Méd-Hospitalar,176838.0,212
411411027,Despesas com Eventos/Sinistros - Judicial,175140.0,246
441329119,Outras Despesas,174834.0,46
441319712,Despesas com Cobrança,174515.0,152
471319111,Investimentos,171320.0,31
411411121,Despesas com Eventos / Sinistros,171083.0,291
441319214,Despesas com Apólices e Contratos,168520.0,36
411411267,Despesas com Eventos/Sinistros - Judicial,168113.0,24
461219116,Ajuda de Custo,164805.0,213
411311211,Despesas com Eventos / Sinistros,164325.0,5
431111741,Remuneração ¿ Pessoal Próprio (Assalariado),164301.0,123
411211741,Despesas com Eventos / Sinistros,163530.0,11
411811041,Despesas com Eventos / Sinistros,161918.0,622
411711747,Despesas com Eventos/Sinistros - Judicial,161916.0,38
411711737,Despesas com Eventos/Sinistros - Judicial,161702.0,15
463119113,Condomínios e Taxas,160961.0,227
411111217,Despesas com Eventos/Sinistros - Judicial,160520.0,37
461219113,Gratificações,158528.0,384
451319711,Ajuste ao valor de mercado,158391.0,8
463719211,Depreciações,158253.0,289
458919111,Despesas Financeiras com Arrendamentos,156152.0,192
441329011,Confecção de Carteiras/Livro de Credenciamento,155521.0,298
411921021,Despesas com Eventos / Sinistros,153172.0,247
411121161,Despesas com Eventos / Sinistros na modalidade de pagamento por procedimento,153081.0,92
458919219,Despesas Financeiras Diversas,152762.0,205
465119012,Impostos Estaduais,151109.0,1054
458119211,Juros,149711.0,212
466119019,Multas Administrativas diversas - contingências,149500.0,277
462119212,Honorários de Auditoria,148834.0,267
441329117,Despesas com Serviços Prestados por Terceiros,148343.0,15
411211721,Despesas com Eventos / Sinistros,148260.0,11
411911011,Despesas com Eventos / Sinistros,146871.0,268
411611041,Despesas com Eventos / Sinistros,146686.0,382
411111219,(-) Outras Recuperações ,146523.0,121
468119219,Outras Despesas,144520.0,294
411911121,Despesas com Eventos / Sinistros,143100.0,44
441929021,Provisão Sobre Demais Créditos de Operações de Assistência Odontológica,142494.0,345
411112151,Despesas com Eventos / Sinistros,142461.0,297
411111037,Despesas com Eventos/Sinistros - Judicial,141178.0,267
441319015,Despesas com Inspeção de Riscos,140381.0,283
463819111,Amortizações,132700.0,519
431311211,Cobertura Assistencial com Preço Preestabelecido,132108.0,22
441319719,Outras Despesas,130639.0,177
463719111,Depreciações,128730.0,693
441319741,Despesas com Eventos/Sinistros não cobertos,126865.0,95
411111751,Despesas com Eventos / Sinistros na modalidade de pagamento por procedimento,125842.0,293
471119012,Conservação e Reparos,124703.0,298
461219115,Reclamações Trabalhistas,124660.0,183
461119711,Honorários de Diretoria,122494.0,198
411712741,Despesas com Eventos / Sinistros,118008.0,52
431111143,Encargos Sociais,115372.0,246
411611149,(-) Outras Recuperações ,115080.0,80
431111122,Comissão/Agenciamento,114959.0,383
411512151,Despesas com Eventos / Sinistros,113251.0,135
411711251,Despesas com Eventos / Sinistros,112017.0,60
411712267,Despesas com Eventos/Sinistros - Judicial,109640.0,18
463119212,Arrendamento Mercantil,108967.0,36
411311221,Despesas com Eventos / Sinistros,106825.0,7
411811021,Despesas com Eventos / Sinistros,105593.0,682
465819119,Outros Tributos,104646.0,312
441919221,Provisão Sobre Demais Créditos de Operações de Assist. Méd-Hospitalar,103401.0,132
463919214,Despesas com Comunicação,103331.0,279
458419712,Imposto Sobre Operações Financeiras - IOF,102670.0,190
463919211,Despesas com Expediente,102646.0,287
453219011,Financiamentos para Aquisição de Ativos,102043.0,491
461219213,Gratificações,101794.0,172
411611147,Despesas com Eventos/Sinistros - Judicial,101613.0,26
411112761,Despesas com Eventos / Sinistros,100841.0,237
461619211,Formação Profissional,100761.0,210
411712051,Despesas com Eventos / Sinistros,97740.0,275
431111132,Comissão/Agenciamento,95317.0,189
468119712,Despesas com Contribuições e Donativos,95216.0,175
411411161,Despesas com Eventos / Sinistros,93257.0,318
431111232,Comissão/Agenciamento,93027.0,96
461619112,Instrução,92484.0,233
461219212,Serviços Extraordinários,90488.0,206
463919219,Outras Despesas com Localização e Funcionamento,90012.0,173
454119211,Despesas de Ajuste a Valor Presente,88961.0,29
411812241,Despesas com Eventos / Sinistros,88704.0,35
441529012,Despesas com Programa de Boas Práticas em Atenção à Saúde  - Não Aprovados pela DIDES,86924.0,247
411712751,Despesas com Eventos / Sinistros,85834.0,20
411512261,Despesas com Eventos / Sinistros,81954.0,97
414129012,Provisão de Eventos/Sinistros Ocorridos e Não Avisados - SUS,81547.0,279
452119019,Outras,81196.0,483
411712241,Despesas com Eventos / Sinistros,80217.0,32
431111131,Remuneração ¿ Pessoal Próprio (Assalariado),79459.0,129
411121261,Despesas com Eventos / Sinistros na modalidade de pagamento por procedimento,77074.0,9
451319111,Ajuste ao valor de mercado,76728.0,7
431121021,Remuneração ¿ Pessoal Próprio (Assalariado),75573.0,293
411712767,Despesas com Eventos/Sinistros - Judicial,74451.0,12
465219719,Outras Contribuições,73779.0,132
411811721,Despesas com Eventos / Sinistros,73137.0,269
411111047,Despesas com Eventos/Sinistros - Judicial,73000.0,312
453119719,Outros Empréstimos,72030.0,30
411812041,Despesas com Eventos / Sinistros,71669.0,302
411311241,Despesas com Eventos / Sinistros,69525.0,6
411411731,Despesas com Eventos / Sinistros,69320.0,31
411122141,Despesas com Eventos / Sinistros,69316.0,12
452119119,Outras,69245.0,131
411521049,(-) Outras Recuperações ,68800.0,243
461119719,Outras Despesas,66473.0,187
411411141,Despesas com Eventos / Sinistros,66262.0,280
411711027,Despesas com Eventos/Sinistros - Judicial,65860.0,250
441319013,Despesas com Encargos Sociais,65272.0,507
411711151,Despesas com Eventos / Sinistros,64301.0,46
411411047,Despesas com Eventos/Sinistros - Judicial,63700.0,252
411411711,Despesas com Eventos / Sinistros,62378.0,90
441329012,Despesas com Cobrança,61442.0,361
431312011,Cobertura Assistencial com Preço Pós-estabelecido,60900.0,256
461619212,Instrução,60880.0,130
461319211,Aviso Prévio,57409.0,187
465119219,Impostos Municipais,56223.0,254
471119011,Despesas com Serviços de Terceiros,56099.0,291
465219111,PIS/PASEP,55705.0,160
431112732,Comissão/Agenciamento,54911.0,24
458419019,Outras Despesas,54377.0,440
431111732,Comissão/Agenciamento,54235.0,98
411812751,Despesas com Eventos / Sinistros,54143.0,27
471119711,Despesas com Serviços de Terceiros,53430.0,23
411721041,Despesas com Eventos / Sinistros,52584.0,306
458419119,Outras Despesas,52273.0,77
411311231,Despesas com Eventos / Sinistros,52100.0,5
463119216,Consertos,49928.0,258
461219118,Representação Social,49900.0,39
411112057,Despesas com Eventos/Sinistros - Judicial,48532.0,263
411111731,Despesas com Eventos / Sinistros na modalidade de pagamento por procedimento,47319.0,210
411611721,Despesas com Eventos / Sinistros,46808.0,152
411711067,Despesas com Eventos/Sinistros - Judicial,46106.0,273
463119711,Aluguel,45912.0,200
461119217,Gratificações,45816.0,17
461519711,Despesas com Assistência Médica/ Odontológica,45735.0,202
411511251,Despesas com Eventos / Sinistros,44831.0,121
411711167,Despesas com Eventos/Sinistros - Judicial,44675.0,16
411712161,Despesas com Eventos / Sinistros,44015.0,33
414119711,Provisão de Eventos/Sinistros Ocorridos e Não Avisados - Outros Prestadores,43779.0,217
411711057,Despesas com Eventos/Sinistros - Judicial,43710.0,255
431311011,Cobertura Assistencial com Preço Preestabelecido,43554.0,376
441319211,Confecção de Carteiras/Livro de Credenciamento,43065.0,116
461219117,Participação no Resultado/Remuneração Variável/Remuneração por Performance,42652.0,89
453119119,Outros Empréstimos,42635.0,43
411712261,Despesas com Eventos / Sinistros,42530.0,49
411721011,Despesas com Eventos / Sinistros,40157.0,254
463119215,Limpeza,39027.0,258
411811029,(-) Outras Recuperações ,38073.0,242
411222061,Despesas com Eventos / Sinistros,37898.0,244
431111043,Encargos Sociais,37750.0,458
465219212,Contribuição Sindical,37384.0,121
458119111,Juros,37098.0,484
411711717,Despesas com Eventos/Sinistros - Judicial,36788.0,21
411811731,Despesas com Eventos / Sinistros,36761.0,80
411211051,Despesas com Eventos / Sinistros,36400.0,306
411812051,Despesas com Eventos / Sinistros,35568.0,265
464119712,Brindes,34555.0,195
463319213,Manutenção e Consertos,34492.0,270
452119211,Descontos Concedidos,34374.0,238
461119714,Honorários do Conselho Fiscal,34063.0,194
471819719,Outras Despesas,32526.0,30
411811211,Despesas com Eventos / Sinistros,31161.0,144
458919711,Despesas Financeiras com Arrendamentos,30969.0,82
431111041,Remuneração ¿ Pessoal Próprio (Assalariado),30588.0,553
411111257,Despesas com Eventos/Sinistros - Judicial,30517.0,32
411721021,Despesas com Eventos / Sinistros,30465.0,288
411712141,Despesas com Eventos / Sinistros,30400.0,32
441319721,Gastos com Aquisição de Carteiras,30000.0,2
431111221,Remuneração ¿ Pessoal Próprio (Assalariado),29807.0,180
411111717,Despesas com Eventos/Sinistros - Judicial,28663.0,19
411111027,Despesas com Eventos/Sinistros - Judicial,28490.0,280
411221721,Despesas com Eventos / Sinistros,28397.0,12
411721031,Despesas com Eventos / Sinistros,28276.0,255
411712251,Despesas com Eventos / Sinistros,28100.0,20
411612251,Despesas com Eventos / Sinistros,27844.0,75
442129119,Despesas com Prestação de Serviços - Outros,26730.0,53
462119712,Honorários de Auditoria,26487.0,214
471119713,"Impostos, Taxas e Seguros",26400.0,19
461219018,Representação Social,25479.0,313
463919711,Despesas com Expediente,24910.0,227
411912081,Despesas com Eventos / Sinistros,24735.0,260
441319221,Gastos com Aquisição de Carteiras,24650.0,2
458419719,Outras Despesas,24632.0,35
411112131,Despesas com Eventos / Sinistros,24090.0,128
453119019,Outros Empréstimos,23652.0,327
451349719,Outras Despesas,23202.0,19
411721067,Despesas com Eventos/Sinistros - Judicial,23200.0,246
411711051,Despesas com Eventos / Sinistros,23060.0,350
411711147,Despesas com Eventos/Sinistros - Judicial,23000.0,14
441329111,Confecção de Carteiras/Livro de Credenciamento,22741.0,23
411712731,Despesas com Eventos / Sinistros,22610.0,6
453119219,Outros Empréstimos,22346.0,27
431111133,Encargos Sociais,22270.0,111
463719012,Perda por Redução ao Valor Recuperável,22146.0,237
431111733,Encargos Sociais,22056.0,58
411111781,Despesas com Eventos / Sinistros,21597.0,81
431112022,Comissão/Agenciamento,21413.0,296
431312111,Cobertura Assistencial com Preço Pós-estabelecido,21350.0,17
452129019,Outras,20966.0,328
461919219,Outras Despesas,20892.0,275
411411111,Despesas com Eventos / Sinistros,19413.0,231
466119719,Multas Administrativas diversas - contingências,19280.0,17
411411181,Despesas com Eventos / Sinistros,18771.0,64
441919051,Provisão Sobre Taxa de Administração de Benefícios a Receber,18769.0,339
411911117,Despesas com Eventos/Sinistros - Judicial,18560.0,8
411412081,Despesas com Eventos / Sinistros,17844.0,297
411611251,Despesas com Eventos / Sinistros,17744.0,183
411411081,Despesas com Eventos / Sinistros,17400.0,273
411811741,Despesas com Eventos / Sinistros,17181.0,209
471119018,Outras Despesas,17130.0,286
411412761,Despesas com Eventos / Sinistros,17097.0,48
411111737,Despesas com Eventos/Sinistros - Judicial,17080.0,4
458419211,Imposto de Renda,16922.0,19
461419119,Outras Despesas,16828.0,225
411411251,Despesas com Eventos / Sinistros,16594.0,160
442219211,Despesas com Intercâmbio Eventual por Diferença de Tabela,16397.0,183
411711217,Despesas com Eventos/Sinistros - Judicial,16155.0,16
411511011,Despesas com Eventos / Sinistros,15976.0,399
411911161,Despesas com Eventos / Sinistros,15776.0,47
441319031,Taxa de Administração,15280.0,337
465319111,Taxa de Saúde Suplementar,15226.0,449
431121141,Remuneração ¿ Pessoal Próprio (Assalariado),15162.0,40
411111237,Despesas com Eventos/Sinistros - Judicial,14860.0,27
411121141,Despesas com Eventos / Sinistros,14518.0,67
411512751,Despesas com Eventos / Sinistros,14480.0,27
451119019,Outras Despesas,13986.0,384
462119215,Fretes e Carretos,13145.0,245
465119112,Impostos Estaduais,12972.0,408
411621041,Despesas com Eventos / Sinistros,12624.0,247
458119019,Outras Despesas,12483.0,669
411111159,(-) Outras Recuperações ,12249.0,90
411221021,Despesas com Eventos / Sinistros,12090.0,271
451319019,Outras despesas,12088.0,283
451919011,Provisão para Desvalorização de Títulos de Renda Fixa - Privados,11829.0,271
461219211,Salários e Ordenados,11557.0,284
451349011,Ajuste ao valor de mercado,11520.0,294
411911051,Despesas com Eventos / Sinistros,11420.0,265
458419212,Imposto Sobre Operações Financeiras - IOF,11097.0,195
411711037,Despesas com Eventos/Sinistros - Judicial,11000.0,248
461119117,Gratificações,10684.0,36
468119211,Despesas com Publicações,10514.0,123
411421061,Despesas com Eventos / Sinistros,10145.0,298
411912781,Despesas com Eventos / Sinistros,10138.0,12
411712151,Despesas com Eventos / Sinistros,9800.0,15
411111181,Despesas com Eventos / Sinistros,9771.0,175
441319122,Amortização com Aquisição de Carteiras,9534.0,14
463919714,Despesas com Comunicação,9386.0,229
461119713,Honorários do Conselho Consultivo,9272.0,117
463319214,Combustível,9213.0,249
461319112,Férias Indenizadas,9210.0,176
463319211,Aluguel,9135.0,207
451349019,Outras Despesas,9114.0,358
441919721,Provisão Sobre Demais Créditos de Operações de Assist. Méd-Hospitalar,9071.0,113
411421021,Despesas com Eventos / Sinistros,8935.0,262
411911251,Despesas com Eventos / Sinistros,8815.0,17
411212251,Despesas com Eventos / Sinistros,8611.0,4
452129011,Descontos Concedidos,8479.0,435
452119112,Despesas Financeiras do Ressarcimento ao SUS,8423.0,170
431111223,Encargos Sociais,8361.0,155
461219713,Gratificações,8092.0,138
463319713,Manutenção e Consertos,7718.0,222
431111743,Encargos Sociais,7489.0,99
411121031,Despesas com Eventos / Sinistros,7413.0,296
441319217,Despesas com Serviços Prestados por Terceiros,7335.0,97
411121151,Despesas com Eventos / Sinistros,7310.0,16
465319211,Taxa de Saúde Suplementar,7120.0,188
411411011,Despesas com Eventos / Sinistros,6800.0,358
441329112,Despesas com Cobrança,6748.0,59
441329013,Despesas com Encargos Sociais,6740.0,301
411411213,(-) Recuperação por Co-Participação,6500.0,38
411312061,Despesas com Eventos / Sinistros,6388.0,257
411811151,Despesas com Eventos / Sinistros,6252.0,51
431111241,Remuneração ¿ Pessoal Próprio (Assalariado),6043.0,177
441329142,Despesas com Provisão para Contingências,6000.0,1
452119212,Despesas Financeiras do Ressarcimento ao SUS,5929.0,92
411811231,Despesas com Eventos / Sinistros,5925.0,48
458919719,Despesas Financeiras Diversas,5879.0,210
411412161,Despesas com Eventos / Sinistros,5367.0,120
411211161,Despesas com Eventos / Sinistros,5267.0,16
411811051,Despesas com Eventos / Sinistros,5157.0,352
463119719,Outras Despesas,5153.0,167
462119715,Fretes e Carretos,5007.0,190
466119711,Multas Administrativas aplicadas pela ANS,5000.0,107
411121011,Despesas com Eventos / Sinistros ,4920.0,298
441319711,Confecção de Carteiras/Livro de Credenciamento,4644.0,93
431122021,Remuneração ¿ Pessoal Próprio (Assalariado),4620.0,252
411712747,Despesas com Eventos/Sinistros - Judicial,4500.0,7
464119713,Promoções,4495.0,61
468119711,Despesas com Publicações,4400.0,111
461919719,Outras Despesas,4342.0,220
411112167,Despesas com Eventos/Sinistros - Judicial,4300.0,18
471119013,"Impostos, Taxas e Seguros",4248.0,337
411711131,Despesas com Eventos / Sinistros,4185.0,55
461219719,Outras Despesas,4160.0,162
465119712,Impostos Estaduais,4136.0,143
458319711,Despesas por Pagamentos em Atraso,4134.0,219
471819119,Outras Despesas,4101.0,46
461119215,Representação Social,3998.0,73
464119212,Brindes,3996.0,206
461119712,Honorários do Conselho de Administração,3916.0,178
465119719,Impostos Municipais,3697.0,203
452119719,Outras,3672.0,53
411911211,Despesas com Eventos / Sinistros,3621.0,19
411722051,Despesas com Eventos / Sinistros,3600.0,257
411411151,Despesas com Eventos / Sinistros,3518.0,124
463919212,Despesas com Seguros,3398.0,272
411112741,Despesas com Eventos / Sinistros,3288.0,128
461819219,Outras Despesas,3268.0,62
411211033,(-) Recuperação por Co-Participação,3232.0,249
463919712,Despesas com Seguros,3174.0,213
416111011,Prêmios,3042.0,242
411712031,Despesas com Eventos / Sinistros,3026.0,253
451119119,Outras Despesas,2960.0,52
461219711,Salários e Ordenados,2939.0,222
411411131,Despesas com Eventos / Sinistros,2838.0,112
411412781,Despesas com Eventos / Sinistros,2748.0,112
471319711,Investimentos,2724.0,29
411412251,Despesas com Eventos / Sinistros,2647.0,63
411521021,Despesas com Eventos / Sinistros,2504.0,257
411811031,Despesas com Eventos / Sinistros,2458.0,364
411912241,Despesas com Eventos / Sinistros,2445.0,16
411811131,Despesas com Eventos / Sinistros,2401.0,43
454119011,Despesas de Ajuste a Valor Presente,2382.0,303
411511182,(-) Glosas,2277.0,56
411512141,Despesas com Eventos / Sinistros,2246.0,144
462219211,Encargos Sociais com Serviços de Terceiros,2216.0,190
471319013,Intangível,2200.0,275
411121081,Despesas com Eventos / Sinistros,2199.0,297
411721017,Despesas com Eventos/Sinistros - Judicial,2165.0,241
411711247,Despesas com Eventos/Sinistros - Judicial,1953.0,28
411111117,Despesas com Eventos/Sinistros - Judicial,1890.0,41
411911031,Despesas com Eventos / Sinistros,1680.0,251
463319719,Outras Despesas,1660.0,142
411312082,(-) Glosas,1647.0,246
461119213,Honorários do Conselho Consultivo,1584.0,135
411112034,(-) Recuperação por Reembolso do Contratante,1545.0,225
471819111,Provisão para Desvalorização,1500.0,24
411312281,Despesas com Eventos / Sinistros,1474.0,8
411212731,Despesas com Eventos / Sinistros,1444.0,3
471319112,Imobilizado,1433.0,243
452129014,Juros - PESL,1392.0,257
463119716,Consertos,1344.0,200
461619711,Formação Profissional,1237.0,173
411412141,Despesas com Eventos / Sinistros,1168.0,74
463919719,Outras Despesas com Localização e Funcionamento,1163.0,135
411212051,Despesas com Eventos / Sinistros,1100.0,252
431111742,Comissão/Agenciamento,1093.0,146
411311051,Despesas com Eventos / Sinistros,1060.0,263
411512231,Despesas com Eventos / Sinistros,1057.0,31
463819711,Amortizações,1018.0,162
411811751,Despesas com Eventos / Sinistros,1012.0,75
452119713,Atualização monetária - PESL,986.0,19
411121211,Despesas com Eventos / Sinistros ,960.0,1
411112031,Despesas com Eventos / Sinistros,900.0,281
463319219,Outras Despesas,900.0,148
451219119,Outras Despesas,828.0,6
411811011,Despesas com Eventos / Sinistros,813.0,485
411112169,(-) Outras Recuperações ,810.0,59
463319012,Arrendamento Mercantil,800.0,293
411412231,Despesas com Eventos / Sinistros,781.0,24
411412039,(-) Outras Recuperações ,750.0,242
411112751,Despesas com Eventos / Sinistros,742.0,125
465119711,Impostos Federais,731.0,93
463119714,"Água, Luz e Gás",619.0,231
464119719,Outras Despesas,592.0,152
462219711,Encargos Sociais com Serviços de Terceiros,560.0,144
465319711,Taxa de Saúde Suplementar,557.0,159
453219019,Outros Financiamentos,555.0,321
452119014,Juros - PESL,530.0,276
411612231,Despesas com Eventos / Sinistros,528.0,35
451389019,Outras Despesas,450.0,266
411111157,Despesas com Eventos/Sinistros - Judicial,410.0,29
411912731,Despesas com Eventos / Sinistros,407.0,4
431321011,Cobertura Assistencial com Preço Preestabelecido,400.0,304
411612131,Despesas com Eventos / Sinistros,400.0,81
431111721,Remuneração ¿ Pessoal Próprio (Assalariado),386.0,122
431111243,Encargos Sociais,369.0,150
411612151,Despesas com Eventos / Sinistros,342.0,192
411411281,Despesas com Eventos / Sinistros,300.0,53
411712257,Despesas com Eventos/Sinistros - Judicial,300.0,13
458119719,Outras Despesas,257.0,110
411511119,(-) Outras Recuperações ,250.0,35
463119713,Condomínios e Taxas,248.0,80
411911151,Despesas com Eventos / Sinistros,240.0,23
411112731,Despesas com Eventos / Sinistros,226.0,48
411511051,Despesas com Eventos / Sinistros,210.0,342
461219716,Ajuda de Custo,186.0,84
411812131,Despesas com Eventos / Sinistros,180.0,9
465219711,PIS/PASEP,174.0,55
452119714,Juros - PESL,168.0,19
411221041,Despesas com Eventos / Sinistros,160.0,257
411211241,Despesas com Eventos / Sinistros,150.0,16
411412751,Despesas com Eventos / Sinistros,150.0,17
411411781,Despesas com Eventos / Sinistros,150.0,22
463319714,Combustível,135.0,196
441329021,Gastos com Aquisição de Carteiras,132.0,255
411811139,(-) Outras Recuperações ,120.0,8
463119715,Limpeza,112.0,212
411911029,(-) Outras Recuperações ,108.0,239
411611051,Despesas com Eventos / Sinistros,66.0,257
431112122,Comissão/Agenciamento,61.0,49
411121051,Despesas com Eventos / Sinistros,50.0,297
461819711,Vale Transporte,41.0,197
441329041,Despesas com Eventos/Sinistros não cobertos,40.0,267
411411049,(-) Outras Recuperações ,30.0,247
411612061,Despesas com Eventos / Sinistros,27.0,298
461619712,Instrução,21.0,110
461219216,Ajuda de Custo,18.0,97
463319711,Aluguel,15.0,158
458119711,Juros,3.0,216
441519712,Despesas com Programa de Promoção da Saúde e Prevenção de Riscos e Doenças - Não aprovadas pela DIPRO,1.0,81
463919713,Despesas com Locomoção,1.0,191
463319112,Arrendamento Mercantil,0.0,62
411112054,(-) Recuperação por Reembolso do Contratante,0.0,254
411112053,(-) Recuperação por Co-Participação,0.0,276
411112049,(-) Outras Recuperações ,0.0,263
411112047,Despesas com Eventos/Sinistros - Judicial,0.0,254
411112042,(-) Glosas,0.0,356
411112039,(-) Outras Recuperações ,0.0,268
411112037,Despesas com Eventos/Sinistros - Judicial,0.0,244
411112032,(-) Glosas,0.0,274
411112137,Despesas com Eventos/Sinistros - Judicial,0.0,14
411112132,(-) Glosas,0.0,54
411112084,(-) Recuperação por Reembolso do Contratante,0.0,400
411112059,(-) Outras Recuperações ,0.0,254
411112159,(-) Outras Recuperações ,0.0,41
411112157,Despesas com Eventos/Sinistros - Judicial,0.0,14
411112153,(-) Recuperação por Co-Participação,0.0,48
411112149,(-) Outras Recuperações ,0.0,24
411112147,Despesas com Eventos/Sinistros - Judicial,0.0,17
411112139,(-) Outras Recuperações ,0.0,19
463119712,Arrendamento Mercantil,0.0,32
411112243,(-) Recuperação por Co-Participação,0.0,36
411112239,(-) Outras Recuperações ,0.0,20
411112237,Despesas com Eventos/Sinistros - Judicial,0.0,10
411112233,(-) Recuperação por Co-Participação,0.0,19
411112231,Despesas com Eventos / Sinistros,0.0,95
411112269,(-) Outras Recuperações ,0.0,39
411112267,Despesas com Eventos/Sinistros - Judicial,0.0,19
411112263,(-) Recuperação por Co-Participação,0.0,79
411112259,(-) Outras Recuperações ,0.0,33
411112257,Despesas com Eventos/Sinistros - Judicial,0.0,14
411112249,(-) Outras Recuperações ,0.0,20
411112247,Despesas com Eventos/Sinistros - Judicial,0.0,14
463119213,Condomínios e Taxas,0.0,106
463119112,Arrendamento Mercantil,0.0,100
411112759,(-) Outras Recuperações ,0.0,19
411112753,(-) Recuperação por Co-Participação,0.0,21
411112749,(-) Outras Recuperações ,0.0,8
411112743,(-) Recuperação por Co-Participação,0.0,8
411112742,(-) Glosas,0.0,62
411112739,(-) Outras Recuperações ,0.0,9
411112733,(-) Recuperação por Co-Participação,0.0,8
411112732,(-) Glosas,0.0,17
411121019,(-) Outras Recuperações ,0.0,252
411121017,Despesas com Eventos/Sinistros - Judicial,0.0,248
411121013,(-) Recuperação por Co-Participação,0.0,254
411121012,(-) Glosas,0.0,266
411112769,(-) Outras Recuperações ,0.0,21
411112767,Despesas com Eventos/Sinistros - Judicial,0.0,8
411121052,(-) Glosas,0.0,267
411121049,(-) Outras Recuperações ,0.0,278
411121047,Despesas com Eventos/Sinistros - Judicial,0.0,248
411121039,(-) Outras Recuperações ,0.0,256
411121037,Despesas com Eventos/Sinistros - Judicial,0.0,248
411121029,(-) Outras Recuperações ,0.0,263
411121027,Despesas com Eventos/Sinistros - Judicial,0.0,250
462119716,Reclamações Judiciais,0.0,45
462119216,Reclamações Judiciais,0.0,45
411121131,Despesas com Eventos / Sinistros,0.0,17
411121123,(-) Recuperação por Co-Participação,0.0,9
411121112,(-) Glosas,0.0,5
411121111,Despesas com Eventos / Sinistros ,0.0,8
411121082,(-) Glosas,0.0,279
411121067,Despesas com Eventos/Sinistros - Judicial,0.0,264
411121059,(-) Outras Recuperações ,0.0,254
411121057,Despesas com Eventos/Sinistros - Judicial,0.0,250
411121241,Despesas com Eventos / Sinistros,0.0,3
411121222,(-) Glosas,0.0,2
411121182,(-) Glosas,0.0,2
411121181,Despesas com Eventos / Sinistros,0.0,36
411121169,(-) Outras Recuperações ,0.0,9
411121163,(-) Recuperação por Co-Participação,0.0,13
411121162,(-) Glosas,0.0,58
411121152,(-) Glosas,0.0,6
411121143,(-) Recuperação por Co-Participação,0.0,8
411121139,(-) Outras Recuperações ,0.0,3
411121769,(-) Outras Recuperações ,0.0,8
411121763,(-) Recuperação por Co-Participação,0.0,4
411121762,(-) Glosas,0.0,16
411121761,Despesas com Eventos / Sinistros na modalidade de pagamento por procedimento,0.0,28
411121751,Despesas com Eventos / Sinistros,0.0,4
411121749,(-) Outras Recuperações ,0.0,4
411121743,(-) Recuperação por Co-Participação,0.0,4
411121742,(-) Glosas,0.0,12
411121741,Despesas com Eventos / Sinistros,0.0,24
411121731,Despesas com Eventos / Sinistros,0.0,4
411121729,(-) Outras Recuperações ,0.0,4
411121722,(-) Glosas,0.0,12
411121721,Despesas com Eventos / Sinistros ,0.0,29
411121711,Despesas com Eventos / Sinistros ,0.0,4
411121262,(-) Glosas,0.0,3
411122054,(-) Recuperação por Reembolso do Contratante,0.0,248
411122053,(-) Recuperação por Co-Participação,0.0,264
411122051,Despesas com Eventos / Sinistros,0.0,286
411122049,(-) Outras Recuperações ,0.0,252
411122047,Despesas com Eventos/Sinistros - Judicial,0.0,248
411122044,(-) Recuperação por Reembolso do Contratante,0.0,231
411122042,(-) Glosas,0.0,265
411122041,Despesas com Eventos / Sinistros,0.0,280
411122039,(-) Outras Recuperações ,0.0,252
411122037,Despesas com Eventos/Sinistros - Judicial,0.0,248
411122034,(-) Recuperação por Reembolso do Contratante,0.0,227
411122033,(-) Recuperação por Co-Participação,0.0,260
411122032,(-) Glosas,0.0,260
411122031,Despesas com Eventos / Sinistros,0.0,270
411122169,(-) Outras Recuperações ,0.0,3
411122162,(-) Glosas,0.0,8
411122161,Despesas com Eventos / Sinistros na modalidade de pagamento por procedimento,0.0,12
411122142,(-) Glosas,0.0,8
411122084,(-) Recuperação por Reembolso do Contratante,0.0,269
411122082,(-) Glosas,0.0,272
411122069,(-) Outras Recuperações ,0.0,260
411122067,Despesas com Eventos/Sinistros - Judicial,0.0,248
411122062,(-) Glosas,0.0,304
411122061,Despesas com Eventos / Sinistros,0.0,328
411122059,(-) Outras Recuperações ,0.0,252
411122057,Despesas com Eventos/Sinistros - Judicial,0.0,248
411211019,(-) Outras Recuperações ,0.0,245
411122769,(-) Outras Recuperações ,0.0,1
411122762,(-) Glosas,0.0,4
411122761,Despesas com Eventos / Sinistros na modalidade de pagamento por procedimento,0.0,4
411122742,(-) Glosas,0.0,1
411122741,Despesas com Eventos / Sinistros,0.0,4
411122184,(-) Recuperação por Reembolso do Contratante,0.0,45
411122182,(-) Glosas,0.0,8
462119116,Reclamações Judiciais,0.0,76
411211069,(-) Outras Recuperações ,0.0,265
411211059,(-) Outras Recuperações ,0.0,241
411211052,(-) Glosas,0.0,245
411211049,(-) Outras Recuperações ,0.0,245
411211039,(-) Outras Recuperações ,0.0,241
411211031,Despesas com Eventos / Sinistros,0.0,293
411211152,(-) Glosas,0.0,8
411211151,Despesas com Eventos / Sinistros,0.0,8
411211143,(-) Recuperação por Co-Participação,0.0,4
411211142,(-) Glosas,0.0,12
411211141,Despesas com Eventos / Sinistros,0.0,16
411211133,(-) Recuperação por Co-Participação,0.0,4
411211132,(-) Glosas,0.0,4
411211131,Despesas com Eventos / Sinistros,0.0,4
411211123,(-) Recuperação por Co-Participação,0.0,4
411211122,(-) Glosas,0.0,8
411211121,Despesas com Eventos / Sinistros,0.0,12
411211113,(-) Recuperação por Co-Participação,0.0,4
411211112,(-) Glosas,0.0,8
411211111,Despesas com Eventos / Sinistros,0.0,8
411211081,Despesas com Eventos / Sinistros,0.0,272
411211251,Despesas com Eventos / Sinistros,0.0,8
411211243,(-) Recuperação por Co-Participação,0.0,4
411211242,(-) Glosas,0.0,8
411211232,(-) Glosas,0.0,4
411211231,Despesas com Eventos / Sinistros,0.0,4
411211229,(-) Outras Recuperações ,0.0,5
411211223,(-) Recuperação por Co-Participação,0.0,4
411211222,(-) Glosas,0.0,8
411211221,Despesas com Eventos / Sinistros,0.0,20
411211212,(-) Glosas,0.0,8
411211211,Despesas com Eventos / Sinistros,0.0,16
411211163,(-) Recuperação por Co-Participação,0.0,4
411211153,(-) Recuperação por Co-Participação,0.0,4
411211762,(-) Glosas,0.0,3
411211761,Despesas com Eventos / Sinistros,0.0,11
411211743,(-) Recuperação por Co-Participação,0.0,4
411211742,(-) Glosas,0.0,3
411211731,Despesas com Eventos / Sinistros,0.0,4
411211722,(-) Glosas,0.0,3
411211712,(-) Glosas,0.0,3
411211711,Despesas com Eventos / Sinistros,0.0,8
411211263,(-) Recuperação por Co-Participação,0.0,8
411211262,(-) Glosas,0.0,8
411211261,Despesas com Eventos / Sinistros,0.0,28
411211252,(-) Glosas,0.0,4
411212059,(-) Outras Recuperações ,0.0,241
411212053,(-) Recuperação por Co-Participação,0.0,241
411212049,(-) Outras Recuperações ,0.0,241
411212044,(-) Recuperação por Reembolso do Contratante,0.0,221
411212043,(-) Recuperação por Co-Participação,0.0,241
411212042,(-) Glosas,0.0,247
411212041,Despesas com Eventos / Sinistros,0.0,264
411212039,(-) Outras Recuperações ,0.0,241
411212034,(-) Recuperação por Reembolso do Contratante,0.0,221
411212033,(-) Recuperação por Co-Participação,0.0,241
411212032,(-) Glosas,0.0,241
411212031,Despesas com Eventos / Sinistros,0.0,251
411212282,(-) Glosas,0.0,4
411212281,Despesas com Eventos / Sinistros,0.0,8
411212261,Despesas com Eventos / Sinistros,0.0,8
411212184,(-) Recuperação por Reembolso do Contratante,0.0,4
411212182,(-) Glosas,0.0,4
411212181,Despesas com Eventos / Sinistros,0.0,6
411212162,(-) Glosas,0.0,4
411212161,Despesas com Eventos / Sinistros,0.0,4
411212084,(-) Recuperação por Reembolso do Contratante,0.0,229
411212082,(-) Glosas,0.0,245
411212069,(-) Outras Recuperações ,0.0,245
411212064,(-) Recuperação por Reembolso do Contratante,0.0,231
411212063,(-) Recuperação por Co-Participação,0.0,243
411221029,(-) Outras Recuperações ,0.0,247
411221023,(-) Recuperação por Co-Participação,0.0,244
411221022,(-) Glosas,0.0,240
411221019,(-) Outras Recuperações ,0.0,243
411221013,(-) Recuperação por Co-Participação,0.0,243
411221012,(-) Glosas,0.0,240
411221011,Despesas com Eventos / Sinistros,0.0,244
411212762,(-) Glosas,0.0,3
411212761,Despesas com Eventos / Sinistros,0.0,3
411212752,(-) Glosas,0.0,3
411212751,Despesas com Eventos / Sinistros,0.0,3
411212742,(-) Glosas,0.0,3
411212741,Despesas com Eventos / Sinistros,0.0,3
411212284,(-) Recuperação por Reembolso do Contratante,0.0,4
411221069,(-) Outras Recuperações ,0.0,243
411221062,(-) Glosas,0.0,243
411221059,(-) Outras Recuperações ,0.0,243
411221053,(-) Recuperação por Co-Participação,0.0,245
411221052,(-) Glosas,0.0,240
411221051,Despesas com Eventos / Sinistros,0.0,244
411221049,(-) Outras Recuperações ,0.0,243
411221043,(-) Recuperação por Co-Participação,0.0,245
411221042,(-) Glosas,0.0,243
411221039,(-) Outras Recuperações ,0.0,243
411221033,(-) Recuperação por Co-Participação,0.0,244
411221032,(-) Glosas,0.0,240
411221031,Despesas com Eventos / Sinistros,0.0,243
411222042,(-) Glosas,0.0,243
411222041,Despesas com Eventos / Sinistros,0.0,244
411222039,(-) Outras Recuperações ,0.0,243
411222034,(-) Recuperação por Reembolso do Contratante,0.0,227
411222033,(-) Recuperação por Co-Participação,0.0,244
411222032,(-) Glosas,0.0,243
411222031,Despesas com Eventos / Sinistros,0.0,243
411221761,Despesas com Eventos / Sinistros,0.0,12
411221749,(-) Outras Recuperações ,0.0,4
411221743,(-) Recuperação por Co-Participação,0.0,4
411221741,Despesas com Eventos / Sinistros,0.0,4
411221082,(-) Glosas,0.0,243
411221081,Despesas com Eventos / Sinistros,0.0,243
411222084,(-) Recuperação por Reembolso do Contratante,0.0,227
411222082,(-) Glosas,0.0,243
411222081,Despesas com Eventos / Sinistros,0.0,243
411222069,(-) Outras Recuperações ,0.0,243
411222064,(-) Recuperação por Reembolso do Contratante,0.0,227
411222063,(-) Recuperação por Co-Participação,0.0,247
411222062,(-) Glosas,0.0,243
411222059,(-) Outras Recuperações ,0.0,243
411222054,(-) Recuperação por Reembolso do Contratante,0.0,227
411222053,(-) Recuperação por Co-Participação,0.0,243
411222052,(-) Glosas,0.0,243
411222051,Despesas com Eventos / Sinistros,0.0,243
411222049,(-) Outras Recuperações ,0.0,243
411222044,(-) Recuperação por Reembolso do Contratante,0.0,227
411222043,(-) Recuperação por Co-Participação,0.0,244
411311049,(-) Outras Recuperações ,0.0,241
411311041,Despesas com Eventos / Sinistros,0.0,309
411311039,(-) Outras Recuperações ,0.0,241
411311032,(-) Glosas,0.0,249
411311031,Despesas com Eventos / Sinistros,0.0,256
411311029,(-) Outras Recuperações ,0.0,241
411311022,(-) Glosas,0.0,268
411311019,(-) Outras Recuperações ,0.0,241
461819719,Outras Despesas,0.0,58
411311161,Despesas com Eventos / Sinistros,0.0,1
411311141,Despesas com Eventos / Sinistros,0.0,1
411311123,(-) Recuperação por Co-Participação,0.0,1
411311121,Despesas com Eventos / Sinistros,0.0,1
411311111,Despesas com Eventos / Sinistros,0.0,1
411311081,Despesas com Eventos / Sinistros,0.0,255
411311069,(-) Outras Recuperações ,0.0,241
411311062,(-) Glosas,0.0,268
411311059,(-) Outras Recuperações ,0.0,241
411311053,(-) Recuperação por Co-Participação,0.0,245
411311252,(-) Glosas,0.0,2
411311251,Despesas com Eventos / Sinistros,0.0,2
411311242,(-) Glosas,0.0,4
411311233,(-) Recuperação por Co-Participação,0.0,4
411311232,(-) Glosas,0.0,4
411311222,(-) Glosas,0.0,4
411311213,(-) Recuperação por Co-Participação,0.0,4
411311212,(-) Glosas,0.0,4
411311163,(-) Recuperação por Co-Participação,0.0,3
411311761,Despesas com Eventos / Sinistros,0.0,7
411311751,Despesas com Eventos / Sinistros,0.0,1
411311743,(-) Recuperação por Co-Participação,0.0,6
411311742,(-) Glosas,0.0,4
411311741,Despesas com Eventos / Sinistros,0.0,7
411311733,(-) Recuperação por Co-Participação,0.0,4
411311732,(-) Glosas,0.0,4
411311731,Despesas com Eventos / Sinistros,0.0,4
411311723,(-) Recuperação por Co-Participação,0.0,6
411311722,(-) Glosas,0.0,4
411311721,Despesas com Eventos / Sinistros,0.0,7
411311713,(-) Recuperação por Co-Participação,0.0,4
411311712,(-) Glosas,0.0,4
411311711,Despesas com Eventos / Sinistros,0.0,4
411311262,(-) Glosas,0.0,4
411312054,(-) Recuperação por Reembolso do Contratante,0.0,221
411312053,(-) Recuperação por Co-Participação,0.0,241
411312052,(-) Glosas,0.0,241
411312051,Despesas com Eventos / Sinistros,0.0,241
411312049,(-) Outras Recuperações ,0.0,241
411312044,(-) Recuperação por Reembolso do Contratante,0.0,221
411312043,(-) Recuperação por Co-Participação,0.0,241
411312042,(-) Glosas,0.0,241
411312039,(-) Outras Recuperações ,0.0,241
411312034,(-) Recuperação por Reembolso do Contratante,0.0,221
411312033,(-) Recuperação por Co-Participação,0.0,241
411312032,(-) Glosas,0.0,245
411312031,Despesas com Eventos / Sinistros,0.0,245
411311763,(-) Recuperação por Co-Participação,0.0,6
411311762,(-) Glosas,0.0,4
411312251,Despesas com Eventos / Sinistros,0.0,4
411312244,(-) Recuperação por Reembolso do Contratante,0.0,4
411312242,(-) Glosas,0.0,4
411312241,Despesas com Eventos / Sinistros,0.0,4
411312184,(-) Recuperação por Reembolso do Contratante,0.0,4
411312182,(-) Glosas,0.0,4
411312181,Despesas com Eventos / Sinistros,0.0,4
411312084,(-) Recuperação por Reembolso do Contratante,0.0,229
411312081,Despesas com Eventos / Sinistros,0.0,253
411312069,(-) Outras Recuperações ,0.0,241
411312064,(-) Recuperação por Reembolso do Contratante,0.0,226
411312063,(-) Recuperação por Co-Participação,0.0,245
411312062,(-) Glosas,0.0,246
411312059,(-) Outras Recuperações ,0.0,241
411312764,(-) Recuperação por Reembolso do Contratante,0.0,5
411312762,(-) Glosas,0.0,3
411312761,Despesas com Eventos / Sinistros,0.0,5
411312759,(-) Outras Recuperações ,0.0,4
411312751,Despesas com Eventos / Sinistros,0.0,4
411312744,(-) Recuperação por Reembolso do Contratante,0.0,4
411312741,Despesas com Eventos / Sinistros,0.0,4
411312284,(-) Recuperação por Reembolso do Contratante,0.0,4
411312282,(-) Glosas,0.0,4
411312269,(-) Outras Recuperações ,0.0,4
411312264,(-) Recuperação por Reembolso do Contratante,0.0,4
411312262,(-) Glosas,0.0,4
411312261,Despesas com Eventos / Sinistros,0.0,4
411312259,(-) Outras Recuperações ,0.0,4
411312252,(-) Glosas,0.0,4
411321039,(-) Outras Recuperações ,0.0,243
411321033,(-) Recuperação por Co-Participação,0.0,243
411321032,(-) Glosas,0.0,243
411321031,Despesas com Eventos / Sinistros,0.0,243
411321029,(-) Outras Recuperações ,0.0,243
411321023,(-) Recuperação por Co-Participação,0.0,243
411321022,(-) Glosas,0.0,247
411321019,(-) Outras Recuperações ,0.0,243
411321013,(-) Recuperação por Co-Participação,0.0,243
411321012,(-) Glosas,0.0,243
411321011,Despesas com Eventos / Sinistros,0.0,247
411312784,(-) Recuperação por Reembolso do Contratante,0.0,5
411312782,(-) Glosas,0.0,4
411312781,Despesas com Eventos / Sinistros,0.0,9
411312769,(-) Outras Recuperações ,0.0,4
411321141,Despesas com Eventos / Sinistros,0.0,1
411321121,Despesas com Eventos / Sinistros,0.0,1
411321082,(-) Glosas,0.0,243
411321081,Despesas com Eventos / Sinistros,0.0,243
411321069,(-) Outras Recuperações ,0.0,243
411321063,(-) Recuperação por Co-Participação,0.0,243
411321062,(-) Glosas,0.0,247
411321061,Despesas com Eventos / Sinistros,0.0,258
411321059,(-) Outras Recuperações ,0.0,243
411321053,(-) Recuperação por Co-Participação,0.0,243
411321052,(-) Glosas,0.0,243
411321051,Despesas com Eventos / Sinistros,0.0,243
411321049,(-) Outras Recuperações ,0.0,243
411321043,(-) Recuperação por Co-Participação,0.0,243
411321042,(-) Glosas,0.0,243
411321041,Despesas com Eventos / Sinistros,0.0,254
411322059,(-) Outras Recuperações ,0.0,243
411322054,(-) Recuperação por Reembolso do Contratante,0.0,229
411322053,(-) Recuperação por Co-Participação,0.0,243
411322052,(-) Glosas,0.0,243
411322051,Despesas com Eventos / Sinistros,0.0,243
411322049,(-) Outras Recuperações ,0.0,243
411322044,(-) Recuperação por Reembolso do Contratante,0.0,227
411322043,(-) Recuperação por Co-Participação,0.0,243
411322042,(-) Glosas,0.0,243
411322041,Despesas com Eventos / Sinistros,0.0,247
411322039,(-) Outras Recuperações ,0.0,243
411322034,(-) Recuperação por Reembolso do Contratante,0.0,227
411322033,(-) Recuperação por Co-Participação,0.0,243
411322032,(-) Glosas,0.0,243
411322031,Despesas com Eventos / Sinistros,0.0,243
411321161,Despesas com Eventos / Sinistros,0.0,1
411411019,(-) Outras Recuperações ,0.0,246
411411017,Despesas com Eventos/Sinistros - Judicial,0.0,238
411322084,(-) Recuperação por Reembolso do Contratante,0.0,224
411322082,(-) Glosas,0.0,240
411322081,Despesas com Eventos / Sinistros,0.0,247
411322069,(-) Outras Recuperações ,0.0,240
411322064,(-) Recuperação por Reembolso do Contratante,0.0,227
411322063,(-) Recuperação por Co-Participação,0.0,243
411322062,(-) Glosas,0.0,247
411322061,Despesas com Eventos / Sinistros,0.0,247
411411057,Despesas com Eventos/Sinistros - Judicial,0.0,242
411411039,(-) Outras Recuperações ,0.0,243
411411037,Despesas com Eventos/Sinistros - Judicial,0.0,238
411411033,(-) Recuperação por Co-Participação,0.0,262
411411031,Despesas com Eventos / Sinistros,0.0,317
411411029,(-) Outras Recuperações ,0.0,248
461419719,Outras Despesas,0.0,88
411411119,(-) Outras Recuperações ,0.0,16
411411117,Despesas com Eventos/Sinistros - Judicial,0.0,16
411411113,(-) Recuperação por Co-Participação,0.0,26
411411067,Despesas com Eventos/Sinistros - Judicial,0.0,253
411411059,(-) Outras Recuperações ,0.0,242
411411157,Despesas com Eventos/Sinistros - Judicial,0.0,12
411411153,(-) Recuperação por Co-Participação,0.0,21
411411149,(-) Outras Recuperações ,0.0,18
411411147,Despesas com Eventos/Sinistros - Judicial,0.0,20
411411139,(-) Outras Recuperações ,0.0,11
411411137,Despesas com Eventos/Sinistros - Judicial,0.0,12
411411133,(-) Recuperação por Co-Participação,0.0,24
411411127,Despesas com Eventos/Sinistros - Judicial,0.0,17
461419219,Outras Despesas,0.0,82
461419212,FGTS,0.0,283
461319719,Outras Despesas,0.0,43
461319712,Férias Indenizadas,0.0,55
461319711,Aviso Prévio,0.0,170
461319219,Outras Despesas,0.0,43
461319213,Indenizações Trabalhistas,0.0,142
411411219,(-) Outras Recuperações ,0.0,16
411411217,Despesas com Eventos/Sinistros - Judicial,0.0,14
411411182,(-) Glosas,0.0,34
411411167,Despesas com Eventos/Sinistros - Judicial,0.0,16
411411159,(-) Outras Recuperações ,0.0,12
411411257,Despesas com Eventos/Sinistros - Judicial,0.0,12
411411249,(-) Outras Recuperações ,0.0,24
411411239,(-) Outras Recuperações ,0.0,11
411411237,Despesas com Eventos/Sinistros - Judicial,0.0,15
411411233,(-) Recuperação por Co-Participação,0.0,16
411411229,(-) Outras Recuperações ,0.0,23
411411719,(-) Outras Recuperações ,0.0,4
411411717,Despesas com Eventos/Sinistros - Judicial,0.0,11
411411713,(-) Recuperação por Co-Participação,0.0,12
411411282,(-) Glosas,0.0,25
411411269,(-) Outras Recuperações ,0.0,23
411411259,(-) Outras Recuperações ,0.0,13
461319212,Férias Indenizadas,0.0,62
461319119,Outras Despesas,0.0,115
461219718,Representação Social,0.0,23
461219717,Participação no Resultado/Remuneração Variável/Remuneração por Performance,0.0,46
461219715,Reclamações Trabalhistas,0.0,69
411411757,Despesas com Eventos/Sinistros - Judicial,0.0,8
411411752,(-) Glosas,0.0,17
411411749,(-) Outras Recuperações ,0.0,8
411411747,Despesas com Eventos/Sinistros - Judicial,0.0,8
411411737,Despesas com Eventos/Sinistros - Judicial,0.0,6
411411732,(-) Glosas,0.0,8
411411729,(-) Outras Recuperações ,0.0,8
465219211,PIS/PASEP,0.0,59
411412042,(-) Glosas,0.0,273
411412037,Despesas com Eventos/Sinistros - Judicial,0.0,238
411412034,(-) Recuperação por Reembolso do Contratante,0.0,218
411412033,(-) Recuperação por Co-Participação,0.0,242
411412032,(-) Glosas,0.0,249
411412031,Despesas com Eventos / Sinistros,0.0,258
411411782,(-) Glosas,0.0,6
411411769,(-) Outras Recuperações ,0.0,8
411411767,Despesas com Eventos/Sinistros - Judicial,0.0,12
411412069,(-) Outras Recuperações ,0.0,238
411412067,Despesas com Eventos/Sinistros - Judicial,0.0,238
411412064,(-) Recuperação por Reembolso do Contratante,0.0,266
411412059,(-) Outras Recuperações ,0.0,238
411412057,Despesas com Eventos/Sinistros - Judicial,0.0,238
411412054,(-) Recuperação por Reembolso do Contratante,0.0,238
411412053,(-) Recuperação por Co-Participação,0.0,250
411412052,(-) Glosas,0.0,257
411412051,Despesas com Eventos / Sinistros,0.0,262
411412049,(-) Outras Recuperações ,0.0,238
411412047,Despesas com Eventos/Sinistros - Judicial,0.0,242
411412044,(-) Recuperação por Reembolso do Contratante,0.0,222
411412151,Despesas com Eventos / Sinistros,0.0,52
411412149,(-) Outras Recuperações ,0.0,15
411412147,Despesas com Eventos/Sinistros - Judicial,0.0,12
411412143,(-) Recuperação por Co-Participação,0.0,12
411412139,(-) Outras Recuperações ,0.0,8
411412137,Despesas com Eventos/Sinistros - Judicial,0.0,12
411412133,(-) Recuperação por Co-Participação,0.0,8
411412132,(-) Glosas,0.0,12
411412131,Despesas com Eventos / Sinistros,0.0,13
411412082,(-) Glosas,0.0,273
411412232,(-) Glosas,0.0,9
411412184,(-) Recuperação por Reembolso do Contratante,0.0,130
411412169,(-) Outras Recuperações ,0.0,10
411412167,Despesas com Eventos/Sinistros - Judicial,0.0,12
411412157,Despesas com Eventos/Sinistros - Judicial,0.0,12
411412154,(-) Recuperação por Reembolso do Contratante,0.0,20
465219712,Contribuição Sindical,0.0,100
465219219,Outras Contribuições,0.0,149
411412153,(-) Recuperação por Co-Participação,0.0,8
411412152,(-) Glosas,0.0,19
461219712,Serviços Extraordinários,0.0,169
461219218,Representação Social,0.0,19
461219217,Participação no Resultado/Remuneração Variável/Remuneração por Performance,0.0,39
411412259,(-) Outras Recuperações ,0.0,13
411412257,Despesas com Eventos/Sinistros - Judicial,0.0,12
411412254,(-) Recuperação por Reembolso do Contratante,0.0,23
411412253,(-) Recuperação por Co-Participação,0.0,8
411412252,(-) Glosas,0.0,23
411412249,(-) Outras Recuperações ,0.0,12
411412247,Despesas com Eventos/Sinistros - Judicial,0.0,12
411412244,(-) Recuperação por Reembolso do Contratante,0.0,58
411412243,(-) Recuperação por Co-Participação,0.0,12
411412241,Despesas com Eventos / Sinistros,0.0,92
411412239,(-) Outras Recuperações ,0.0,8
411412237,Despesas com Eventos/Sinistros - Judicial,0.0,12
411412233,(-) Recuperação por Co-Participação,0.0,8
411412747,Despesas com Eventos/Sinistros - Judicial,0.0,7
411412744,(-) Recuperação por Reembolso do Contratante,0.0,13
411412743,(-) Recuperação por Co-Participação,0.0,4
411412742,(-) Glosas,0.0,12
411412741,Despesas com Eventos / Sinistros,0.0,14
411412734,(-) Recuperação por Reembolso do Contratante,0.0,4
411412731,Despesas com Eventos / Sinistros,0.0,4
411412284,(-) Recuperação por Reembolso do Contratante,0.0,121
411412269,(-) Outras Recuperações ,0.0,13
411412267,Despesas com Eventos/Sinistros - Judicial,0.0,12
411412264,(-) Recuperação por Reembolso do Contratante,0.0,56
411412263,(-) Recuperação por Co-Participação,0.0,15
411412769,(-) Outras Recuperações ,0.0,4
411412767,Despesas com Eventos/Sinistros - Judicial,0.0,4
411412763,(-) Recuperação por Co-Participação,0.0,14
411412759,(-) Outras Recuperações ,0.0,4
411412757,Despesas com Eventos/Sinistros - Judicial,0.0,7
411412753,(-) Recuperação por Co-Participação,0.0,4
411412752,(-) Glosas,0.0,8
411412749,(-) Outras Recuperações ,0.0,4
411421041,Despesas com Eventos / Sinistros,0.0,276
411421039,(-) Outras Recuperações ,0.0,240
411421037,Despesas com Eventos/Sinistros - Judicial,0.0,240
411421033,(-) Recuperação por Co-Participação,0.0,240
411421032,(-) Glosas,0.0,244
411421031,Despesas com Eventos / Sinistros,0.0,251
411421029,(-) Outras Recuperações ,0.0,244
411421027,Despesas com Eventos/Sinistros - Judicial,0.0,240
411421023,(-) Recuperação por Co-Participação,0.0,240
411421022,(-) Glosas,0.0,248
411421019,(-) Outras Recuperações ,0.0,240
411421017,Despesas com Eventos/Sinistros - Judicial,0.0,240
411421013,(-) Recuperação por Co-Participação,0.0,240
411421012,(-) Glosas,0.0,244
411421011,Despesas com Eventos / Sinistros,0.0,251
411421082,(-) Glosas,0.0,240
411421081,Despesas com Eventos / Sinistros,0.0,243
411421069,(-) Outras Recuperações ,0.0,248
411421067,Despesas com Eventos/Sinistros - Judicial,0.0,240
411421059,(-) Outras Recuperações ,0.0,240
411421057,Despesas com Eventos/Sinistros - Judicial,0.0,240
411421053,(-) Recuperação por Co-Participação,0.0,240
411421052,(-) Glosas,0.0,242
411421051,Despesas com Eventos / Sinistros,0.0,247
411421049,(-) Outras Recuperações ,0.0,248
411421047,Despesas com Eventos/Sinistros - Judicial,0.0,240
411421043,(-) Recuperação por Co-Participação,0.0,252
411421042,(-) Glosas,0.0,268
461119717,Gratificações,0.0,12
411422054,(-) Recuperação por Reembolso do Contratante,0.0,227
411422053,(-) Recuperação por Co-Participação,0.0,243
411422052,(-) Glosas,0.0,240
411422051,Despesas com Eventos / Sinistros,0.0,243
411422049,(-) Outras Recuperações ,0.0,240
411422047,Despesas com Eventos/Sinistros - Judicial,0.0,240
411422044,(-) Recuperação por Reembolso do Contratante,0.0,224
411422043,(-) Recuperação por Co-Participação,0.0,240
411422042,(-) Glosas,0.0,240
411422041,Despesas com Eventos / Sinistros,0.0,247
411422039,(-) Outras Recuperações ,0.0,240
411422037,Despesas com Eventos/Sinistros - Judicial,0.0,240
411422034,(-) Recuperação por Reembolso do Contratante,0.0,224
411422033,(-) Recuperação por Co-Participação,0.0,240
411422032,(-) Glosas,0.0,240
411422031,Despesas com Eventos / Sinistros,0.0,243
411511019,(-) Outras Recuperações ,0.0,242
411422084,(-) Recuperação por Reembolso do Contratante,0.0,237
411422082,(-) Glosas,0.0,250
411422081,Despesas com Eventos / Sinistros,0.0,259
411422069,(-) Outras Recuperações ,0.0,244
411422067,Despesas com Eventos/Sinistros - Judicial,0.0,240
411422064,(-) Recuperação por Reembolso do Contratante,0.0,232
411422063,(-) Recuperação por Co-Participação,0.0,240
411422062,(-) Glosas,0.0,244
411422061,Despesas com Eventos / Sinistros,0.0,255
411422059,(-) Outras Recuperações ,0.0,240
411422057,Despesas com Eventos/Sinistros - Judicial,0.0,240
411511053,(-) Recuperação por Co-Participação,0.0,250
411511052,(-) Glosas,0.0,255
411511049,(-) Outras Recuperações ,0.0,240
411511039,(-) Outras Recuperações ,0.0,239
411511033,(-) Recuperação por Co-Participação,0.0,247
411511082,(-) Glosas,0.0,248
411511081,Despesas com Eventos / Sinistros,0.0,279
411511069,(-) Outras Recuperações ,0.0,241
461119716,Ajuda de Custo,0.0,41
461119715,Representação Social,0.0,49
461119216,Ajuda de Custo,0.0,54
411511181,Despesas com Eventos / Sinistros,0.0,117
411511159,(-) Outras Recuperações ,0.0,30
411511149,(-) Outras Recuperações ,0.0,48
411511139,(-) Outras Recuperações ,0.0,15
411511249,(-) Outras Recuperações ,0.0,19
411511243,(-) Recuperação por Co-Participação,0.0,75
411511239,(-) Outras Recuperações ,0.0,4
411511231,Despesas com Eventos / Sinistros,0.0,93
411511229,(-) Outras Recuperações ,0.0,23
411511222,(-) Glosas,0.0,75
411511731,Despesas com Eventos / Sinistros,0.0,31
411511722,(-) Glosas,0.0,16
411511712,(-) Glosas,0.0,12
411511711,Despesas com Eventos / Sinistros,0.0,71
411511281,Despesas com Eventos / Sinistros,0.0,32
411512042,(-) Glosas,0.0,246
411512039,(-) Outras Recuperações ,0.0,238
411512034,(-) Recuperação por Reembolso do Contratante,0.0,218
411512033,(-) Recuperação por Co-Participação,0.0,238
411512032,(-) Glosas,0.0,238
411512031,Despesas com Eventos / Sinistros,0.0,245
411511762,(-) Glosas,0.0,16
411511761,Despesas com Eventos / Sinistros,0.0,76
411511752,(-) Glosas,0.0,11
411511751,Despesas com Eventos / Sinistros,0.0,47
411511742,(-) Glosas,0.0,13
411511741,Despesas com Eventos / Sinistros,0.0,64
411512084,(-) Recuperação por Reembolso do Contratante,0.0,232
411512082,(-) Glosas,0.0,246
411512081,Despesas com Eventos / Sinistros,0.0,268
411512069,(-) Outras Recuperações ,0.0,238
411512064,(-) Recuperação por Reembolso do Contratante,0.0,230
411512063,(-) Recuperação por Co-Participação,0.0,242
411512061,Despesas com Eventos / Sinistros,0.0,286
411512059,(-) Outras Recuperações ,0.0,238
411512054,(-) Recuperação por Reembolso do Contratante,0.0,222
411512053,(-) Recuperação por Co-Participação,0.0,242
411512052,(-) Glosas,0.0,238
411512051,Despesas com Eventos / Sinistros,0.0,252
411512049,(-) Outras Recuperações ,0.0,238
411512044,(-) Recuperação por Reembolso do Contratante,0.0,218
411512043,(-) Recuperação por Co-Participação,0.0,240
411512159,(-) Outras Recuperações ,0.0,22
411512153,(-) Recuperação por Co-Participação,0.0,19
411512149,(-) Outras Recuperações ,0.0,16
411512143,(-) Recuperação por Co-Participação,0.0,22
411512139,(-) Outras Recuperações ,0.0,12
411512134,(-) Recuperação por Reembolso do Contratante,0.0,24
411512133,(-) Recuperação por Co-Participação,0.0,12
411512132,(-) Glosas,0.0,16
411512131,Despesas com Eventos / Sinistros,0.0,68
458919211,Despesas Financeiras com Arrendamentos,0.0,98
458419711,Imposto de Renda,0.0,24
458419219,Outras Despesas,0.0,22
465819719,Outros Tributos,0.0,111
458419111,Imposto de Renda,0.0,78
411512244,(-) Recuperação por Reembolso do Contratante,0.0,28
411512243,(-) Recuperação por Co-Participação,0.0,4
411512241,Despesas com Eventos / Sinistros,0.0,47
411512239,(-) Outras Recuperações ,0.0,6
411512234,(-) Recuperação por Reembolso do Contratante,0.0,16
411512233,(-) Recuperação por Co-Participação,0.0,5
411512232,(-) Glosas,0.0,12
411512169,(-) Outras Recuperações ,0.0,32
411512164,(-) Recuperação por Reembolso do Contratante,0.0,130
411512741,Despesas com Eventos / Sinistros,0.0,8
411512731,Despesas com Eventos / Sinistros,0.0,4
411512269,(-) Outras Recuperações ,0.0,7
411512264,(-) Recuperação por Reembolso do Contratante,0.0,45
411512263,(-) Recuperação por Co-Participação,0.0,8
411512262,(-) Glosas,0.0,33
411512259,(-) Outras Recuperações ,0.0,4
411512254,(-) Recuperação por Reembolso do Contratante,0.0,20
411512253,(-) Recuperação por Co-Participação,0.0,4
411512252,(-) Glosas,0.0,10
411512249,(-) Outras Recuperações ,0.0,4
411521019,(-) Outras Recuperações ,0.0,240
411521013,(-) Recuperação por Co-Participação,0.0,240
411521012,(-) Glosas,0.0,240
411521011,Despesas com Eventos / Sinistros,0.0,243
411512784,(-) Recuperação por Reembolso do Contratante,0.0,24
411512782,(-) Glosas,0.0,9
411512781,Despesas com Eventos / Sinistros,0.0,38
411512764,(-) Recuperação por Reembolso do Contratante,0.0,17
411512763,(-) Recuperação por Co-Participação,0.0,6
411512762,(-) Glosas,0.0,8
411512761,Despesas com Eventos / Sinistros,0.0,28
411512754,(-) Recuperação por Reembolso do Contratante,0.0,12
411512744,(-) Recuperação por Reembolso do Contratante,0.0,8
411512742,(-) Glosas,0.0,4
411521059,(-) Outras Recuperações ,0.0,240
411521053,(-) Recuperação por Co-Participação,0.0,240
466119712,Multas Administrativas aplicadas pela ANS - contingências,0.0,23
466119218,Multas Administrativas diversas,0.0,50
466119212,Multas Administrativas aplicadas pela ANS - contingências,0.0,32
411521052,(-) Glosas,0.0,240
411521051,Despesas com Eventos / Sinistros,0.0,247
411521043,(-) Recuperação por Co-Participação,0.0,244
411521042,(-) Glosas,0.0,240
411521041,Despesas com Eventos / Sinistros,0.0,248
411521039,(-) Outras Recuperações ,0.0,240
411521033,(-) Recuperação por Co-Participação,0.0,240
411521032,(-) Glosas,0.0,240
411521031,Despesas com Eventos / Sinistros,0.0,243
411521029,(-) Outras Recuperações ,0.0,240
411521022,(-) Glosas,0.0,240
411522041,Despesas com Eventos / Sinistros,0.0,243
411522039,(-) Outras Recuperações ,0.0,240
411522034,(-) Recuperação por Reembolso do Contratante,0.0,224
411522033,(-) Recuperação por Co-Participação,0.0,240
411522032,(-) Glosas,0.0,240
411522031,Despesas com Eventos / Sinistros,0.0,243
411521761,Despesas com Eventos / Sinistros,0.0,1
411521161,Despesas com Eventos / Sinistros,0.0,8
411521141,Despesas com Eventos / Sinistros,0.0,4
411521121,Despesas com Eventos / Sinistros,0.0,4
411521082,(-) Glosas,0.0,240
411521081,Despesas com Eventos / Sinistros,0.0,243
411521069,(-) Outras Recuperações ,0.0,240
411521063,(-) Recuperação por Co-Participação,0.0,244
411521062,(-) Glosas,0.0,246
411522082,(-) Glosas,0.0,240
411522081,Despesas com Eventos / Sinistros,0.0,240
411522069,(-) Outras Recuperações ,0.0,240
411522064,(-) Recuperação por Reembolso do Contratante,0.0,224
411522063,(-) Recuperação por Co-Participação,0.0,242
411522062,(-) Glosas,0.0,240
411522061,Despesas com Eventos / Sinistros,0.0,248
411522059,(-) Outras Recuperações ,0.0,240
411522054,(-) Recuperação por Reembolso do Contratante,0.0,224
411522053,(-) Recuperação por Co-Participação,0.0,240
411522052,(-) Glosas,0.0,240
411522051,Despesas com Eventos / Sinistros,0.0,243
411522049,(-) Outras Recuperações ,0.0,240
411522044,(-) Recuperação por Reembolso do Contratante,0.0,224
411522043,(-) Recuperação por Co-Participação,0.0,240
411522042,(-) Glosas,0.0,240
411611039,(-) Outras Recuperações ,0.0,218
411611037,Despesas com Eventos/Sinistros - Judicial,0.0,218
411611032,(-) Glosas,0.0,232
411611031,Despesas com Eventos / Sinistros,0.0,286
411611029,(-) Outras Recuperações ,0.0,222
411611027,Despesas com Eventos/Sinistros - Judicial,0.0,218
411611022,(-) Glosas,0.0,245
411611019,(-) Outras Recuperações ,0.0,218
411611017,Despesas com Eventos/Sinistros - Judicial,0.0,218
411611013,(-) Recuperação por Co-Participação,0.0,222
411611012,(-) Glosas,0.0,246
411611011,Despesas com Eventos / Sinistros,0.0,274
411522084,(-) Recuperação por Reembolso do Contratante,0.0,224
411611069,(-) Outras Recuperações ,0.0,227
411611067,Despesas com Eventos/Sinistros - Judicial,0.0,220
411611059,(-) Outras Recuperações ,0.0,218
466119718,Multas Administrativas diversas,0.0,45
411611057,Despesas com Eventos/Sinistros - Judicial,0.0,218
411611052,(-) Glosas,0.0,226
411611049,(-) Outras Recuperações ,0.0,229
411611047,Despesas com Eventos/Sinistros - Judicial,0.0,218
471819711,Provisão para Desvalorização,0.0,11
458219711,Juros sobre Capital Próprio,0.0,42
471819219,Outras Despesas,0.0,31
471819211,Provisão para Desvalorização,0.0,8
458119712,Atualização Monetária,0.0,96
471819011,Provisão para Desvalorização,0.0,265
458119219,Outras Despesas,0.0,100
411611139,(-) Outras Recuperações ,0.0,23
411611137,Despesas com Eventos/Sinistros - Judicial,0.0,16
411611127,Despesas com Eventos/Sinistros - Judicial,0.0,32
411611117,Despesas com Eventos/Sinistros - Judicial,0.0,23
411611212,(-) Glosas,0.0,150
411611167,Despesas com Eventos/Sinistros - Judicial,0.0,30
411611159,(-) Outras Recuperações ,0.0,35
411611157,Despesas com Eventos/Sinistros - Judicial,0.0,19
458119119,Outras Despesas,0.0,169
454119711,Despesas de Ajuste a Valor Presente,0.0,29
454119111,Despesas de Ajuste a Valor Presente,0.0,44
471319713,Intangível,0.0,19
453219719,Outros Financiamentos,0.0,17
453219711,Financiamentos para Aquisição de Ativos,0.0,43
453219211,Financiamentos para Aquisição de Ativos,0.0,67
453219119,Outros Financiamentos,0.0,19
411611247,Despesas com Eventos/Sinistros - Judicial,0.0,11
411611242,(-) Glosas,0.0,179
411611239,(-) Outras Recuperações ,0.0,11
411611237,Despesas com Eventos/Sinistros - Judicial,0.0,11
411611232,(-) Glosas,0.0,68
411611231,Despesas com Eventos / Sinistros,0.0,132
411611229,(-) Outras Recuperações ,0.0,45
411611227,Despesas com Eventos/Sinistros - Judicial,0.0,11
411611219,(-) Outras Recuperações ,0.0,34
411611217,Despesas com Eventos/Sinistros - Judicial,0.0,11
411611719,(-) Outras Recuperações ,0.0,6
411611267,Despesas com Eventos/Sinistros - Judicial,0.0,14
411611257,Despesas com Eventos/Sinistros - Judicial,0.0,11
411611253,(-) Recuperação por Co-Participação,0.0,59
411611252,(-) Glosas,0.0,87
411611249,(-) Outras Recuperações ,0.0,38
411611759,(-) Outras Recuperações ,0.0,4
411611751,Despesas com Eventos / Sinistros,0.0,65
411611749,(-) Outras Recuperações ,0.0,8
411611741,Despesas com Eventos / Sinistros,0.0,136
411611733,(-) Recuperação por Co-Participação,0.0,11
411611732,(-) Glosas,0.0,16
411611729,(-) Outras Recuperações ,0.0,16
471319712,Imobilizado,0.0,134
453119711,Empréstimos Hipotecários,0.0,4
453119212,Empréstimos Bancários,0.0,122
453119111,Empréstimos Hipotecários,0.0,7
453119011,Empréstimos Hipotecários,0.0,261
452129712,Despesas Financeiras do Ressarcimento ao SUS,0.0,4
452129711,Descontos Concedidos,0.0,8
452129111,Descontos Concedidos,0.0,46
411612052,(-) Glosas,0.0,227
411612051,Despesas com Eventos / Sinistros,0.0,234
411612049,(-) Outras Recuperações,0.0,218
411612047,Despesas com Eventos/Sinistros - Judicial,0.0,219
411612044,(-) Recuperação por Reembolso do Contratante,0.0,222
411612043,(-) Recuperação por Co-Participação,0.0,231
411612042,(-) Glosas,0.0,237
411612041,Despesas com Eventos / Sinistros,0.0,256
411612039,(-) Outras Recuperações,0.0,222
411612037,Despesas com Eventos/Sinistros - Judicial,0.0,218
411612034,(-) Recuperação por Reembolso do Contratante,0.0,218
411612033,(-) Recuperação por Co-Participação,0.0,222
411612032,(-) Glosas,0.0,226
411611769,(-) Outras Recuperações ,0.0,12
411612139,(-) Outras Recuperações,0.0,8
411612137,Despesas com Eventos/Sinistros - Judicial,0.0,8
411612134,(-) Recuperação por Reembolso do Contratante,0.0,41
411612133,(-) Recuperação por Co-Participação,0.0,17
411612132,(-) Glosas,0.0,27
471319213,Intangível,0.0,11
411612069,(-) Outras Recuperações,0.0,218
411612067,Despesas com Eventos/Sinistros - Judicial,0.0,218
411612064,(-) Recuperação por Reembolso do Contratante,0.0,241
411612063,(-) Recuperação por Co-Participação,0.0,250
471319212,Imobilizado,0.0,107
411612059,(-) Outras Recuperações,0.0,218
411612057,Despesas com Eventos/Sinistros - Judicial,0.0,218
411612054,(-) Recuperação por Reembolso do Contratante,0.0,231
411612159,(-) Outras Recuperações,0.0,28
411612157,Despesas com Eventos/Sinistros - Judicial,0.0,16
411612154,(-) Recuperação por Reembolso do Contratante,0.0,71
411612153,(-) Recuperação por Co-Participação,0.0,21
411612147,Despesas com Eventos/Sinistros - Judicial,0.0,16
411612253,(-) Recuperação por Co-Participação,0.0,8
411612252,(-) Glosas,0.0,33
411612249,(-) Outras Recuperações,0.0,18
411612247,Despesas com Eventos/Sinistros - Judicial,0.0,8
411612243,(-) Recuperação por Co-Participação,0.0,10
411612234,(-) Recuperação por Reembolso do Contratante,0.0,24
411612233,(-) Recuperação por Co-Participação,0.0,2
411612232,(-) Glosas,0.0,8
411612167,Despesas com Eventos/Sinistros - Judicial,0.0,16
452129015,Variação cambial - PESL,0.0,249
441919229,(-) reversão da Provisão Sobre Demais Créditos de Operações de Assist. Méd-Hospitalar,0.0,114
452129013,Atualização monetária - PESL,0.0,256
452129012,Despesas Financeiras do Ressarcimento ao SUS,0.0,260
452119715,Variação cambial - PESL,0.0,4
452119711,Descontos Concedidos,0.0,197
452119219,Outras,0.0,63
452119214,Juros - PESL,0.0,19
452119213,Atualização monetária - PESL,0.0,10
411612751,Despesas com Eventos / Sinistros,0.0,34
411612749,(-) Outras Recuperações,0.0,3
411612744,(-) Recuperação por Reembolso do Contratante,0.0,28
411612743,(-) Recuperação por Co-Participação,0.0,3
411612742,(-) Glosas,0.0,9
411612741,Despesas com Eventos / Sinistros,0.0,36
411612734,(-) Recuperação por Reembolso do Contratante,0.0,6
411612731,Despesas com Eventos / Sinistros,0.0,6
411612269,(-) Outras Recuperações,0.0,16
411612267,Despesas com Eventos/Sinistros - Judicial,0.0,8
411612263,(-) Recuperação por Co-Participação,0.0,20
411612262,(-) Glosas,0.0,90
411612257,Despesas com Eventos/Sinistros - Judicial,0.0,8
411621029,(-) Outras Recuperações ,0.0,224
411621027,Despesas com Eventos/Sinistros - Judicial,0.0,224
411621023,(-) Recuperação por Co-Participação,0.0,224
411621022,(-) Glosas,0.0,232
411621021,Despesas com Eventos / Sinistros,0.0,249
411621019,(-) Outras Recuperações ,0.0,224
411621017,Despesas com Eventos/Sinistros - Judicial,0.0,224
411621013,(-) Recuperação por Co-Participação,0.0,225
411621012,(-) Glosas,0.0,224
411621011,Despesas com Eventos / Sinistros,0.0,227
411612763,(-) Recuperação por Co-Participação,0.0,6
411612762,(-) Glosas,0.0,25
411621059,(-) Outras Recuperações ,0.0,224
411621057,Despesas com Eventos/Sinistros - Judicial,0.0,224
411621053,(-) Recuperação por Co-Participação,0.0,224
411621052,(-) Glosas,0.0,224
411621051,Despesas com Eventos / Sinistros,0.0,229
411621049,(-) Outras Recuperações ,0.0,224
411621047,Despesas com Eventos/Sinistros - Judicial,0.0,224
411621043,(-) Recuperação por Co-Participação,0.0,229
411621042,(-) Glosas,0.0,236
411621039,(-) Outras Recuperações ,0.0,224
411621037,Despesas com Eventos/Sinistros - Judicial,0.0,224
411621033,(-) Recuperação por Co-Participação,0.0,224
411621032,(-) Glosas,0.0,224
411621031,Despesas com Eventos / Sinistros,0.0,227
411622033,(-) Recuperação por Co-Participação,0.0,224
411622032,(-) Glosas,0.0,224
411622031,Despesas com Eventos / Sinistros,0.0,227
411621761,Despesas com Eventos / Sinistros,0.0,8
411621722,(-) Glosas,0.0,2
411621721,Despesas com Eventos / Sinistros,0.0,4
411621142,(-) Glosas,0.0,2
411621141,Despesas com Eventos / Sinistros,0.0,5
411621121,Despesas com Eventos / Sinistros,0.0,5
411621069,(-) Outras Recuperações ,0.0,227
411621067,Despesas com Eventos/Sinistros - Judicial,0.0,224
411621063,(-) Recuperação por Co-Participação,0.0,239
411622061,Despesas com Eventos / Sinistros,0.0,247
411622059,(-) Outras Recuperações,0.0,224
411622057,Despesas com Eventos/Sinistros - Judicial,0.0,224
411622054,(-) Recuperação por Reembolso do Contratante,0.0,229
411622053,(-) Recuperação por Co-Participação,0.0,227
411622052,(-) Glosas,0.0,229
411622051,Despesas com Eventos / Sinistros,0.0,232
411622049,(-) Outras Recuperações,0.0,224
411622047,Despesas com Eventos/Sinistros - Judicial,0.0,224
411622044,(-) Recuperação por Reembolso do Contratante,0.0,224
411622043,(-) Recuperação por Co-Participação,0.0,224
411622042,(-) Glosas,0.0,224
411622041,Despesas com Eventos / Sinistros,0.0,227
411622039,(-) Outras Recuperações,0.0,224
411622037,Despesas com Eventos/Sinistros - Judicial,0.0,224
411622034,(-) Recuperação por Reembolso do Contratante,0.0,224
411711019,(-) Outras Recuperações ,0.0,246
411711017,Despesas com Eventos/Sinistros - Judicial,0.0,254
411711013,(-) Recuperação por Co-Participação,0.0,244
411622249,(-) Outras Recuperações,0.0,1
411622161,Despesas com Eventos / Sinistros,0.0,2
411622069,(-) Outras Recuperações,0.0,224
411622067,Despesas com Eventos/Sinistros - Judicial,0.0,224
411622063,(-) Recuperação por Co-Participação,0.0,228
411622062,(-) Glosas,0.0,229
411711059,(-) Outras Recuperações ,0.0,242
411711049,(-) Outras Recuperações ,0.0,242
411711047,Despesas com Eventos/Sinistros - Judicial,0.0,252
411711039,(-) Outras Recuperações ,0.0,242
411711029,(-) Outras Recuperações ,0.0,246
452119115,Variação cambial - PESL,0.0,4
452119114,Juros - PESL,0.0,24
452119113,Atualização monetária - PESL,0.0,22
452119015,Variação cambial - PESL,0.0,243
411111059,(-) Outras Recuperações ,0.0,274
452119013,Atualização monetária - PESL,0.0,290
451919713,Provisão para Desvalorização de Títulos de Renda Variável,0.0,4
451919712,Provisão para Desvalorização de Títulos de Renda Fixa - Públicos,0.0,2
411111057,Despesas com Eventos/Sinistros - Judicial,0.0,258
411711127,Despesas com Eventos/Sinistros - Judicial,0.0,12
411711119,(-) Outras Recuperações ,0.0,8
411711117,Despesas com Eventos/Sinistros - Judicial,0.0,16
411711112,(-) Glosas,0.0,16
411711159,(-) Outras Recuperações ,0.0,8
411711157,Despesas com Eventos/Sinistros - Judicial,0.0,12
411711153,(-) Recuperação por Co-Participação,0.0,8
411711152,(-) Glosas,0.0,16
411711142,(-) Glosas,0.0,22
411711139,(-) Outras Recuperações ,0.0,8
411711137,Despesas com Eventos/Sinistros - Judicial,0.0,16
411711133,(-) Recuperação por Co-Participação,0.0,15
411711132,(-) Glosas,0.0,16
411711233,(-) Recuperação por Co-Participação,0.0,16
411711232,(-) Glosas,0.0,18
411711219,(-) Outras Recuperações ,0.0,14
451919213,Provisão para Desvalorização de Títulos de Renda Variável,0.0,4
451919211,Provisão para Desvalorização de Títulos de Renda Fixa - Privados,0.0,6
451919119,Outras Provisões para Desvalorização,0.0,4
451919113,Provisão para Desvalorização de Títulos de Renda Variável,0.0,4
451919112,Provisão para Desvalorização de Títulos de Renda Fixa - Públicos,0.0,4
451919111,Provisão para Desvalorização de Títulos de Renda Fixa - Privados,0.0,10
451919019,Outras Provisões para Desvalorização,0.0,268
451919013,Provisão para Desvalorização de Títulos de Renda Variável,0.0,282
451919012,Provisão para Desvalorização de Títulos de Renda Fixa - Públicos,0.0,277
451389719,Outras Despesas,0.0,4
451389711,Ajuste ao valor de mercado,0.0,4
451389119,Outras Despesas,0.0,6
471119115,Depreciações,0.0,16
471119114,Condomínio,0.0,8
471119113,"Impostos, Taxas e Seguros",0.0,12
471119112,Conservação e Reparos,0.0,16
471119019,(-) Recuperação de Despesas Patrimoniais,0.0,261
471119017,Provisão para Desvalorização,0.0,231
471119016,Despesa com Provisão para Riscos sobre Aluguel a Receber,0.0,252
471119015,Depreciações,0.0,331
471119014,Condomínio,0.0,287
411111137,Despesas com Eventos/Sinistros - Judicial,0.0,22
411111017,Despesas com Eventos/Sinistros - Judicial,0.0,265
451389011,Ajuste ao valor de mercado,0.0,272
411711259,(-) Outras Recuperações ,0.0,10
411711257,Despesas com Eventos/Sinistros - Judicial,0.0,12
465119212,Impostos Estaduais,0.0,171
411711239,(-) Outras Recuperações ,0.0,11
411711237,Despesas com Eventos/Sinistros - Judicial,0.0,15
411711739,(-) Outras Recuperações ,0.0,4
411711719,(-) Outras Recuperações ,0.0,6
451349711,Ajuste ao valor de mercado,0.0,16
451349219,Outras Despesas,0.0,7
451349211,Ajuste ao valor de mercado,0.0,4
451349119,Outras Despesas,0.0,19
451349111,Ajuste ao valor de mercado,0.0,16
465119211,Impostos Federais,0.0,116
451319719,Outras despesas,0.0,5
451319219,Outras despesas,0.0,3
451319211,Ajuste ao valor de mercado,0.0,4
451319119,Outras despesas,0.0,3
451319011,Ajuste ao valor de mercado,0.0,287
451219719,Outras Despesas,0.0,4
411711759,(-) Outras Recuperações ,0.0,4
411712057,Despesas com Eventos/Sinistros - Judicial,0.0,246
411712053,(-) Recuperação por Co-Participação,0.0,249
411712052,(-) Glosas,0.0,263
411712049,(-) Outras Recuperações ,0.0,246
411712047,Despesas com Eventos/Sinistros - Judicial,0.0,242
411712044,(-) Recuperação por Reembolso do Contratante,0.0,222
411712043,(-) Recuperação por Co-Participação,0.0,250
411712039,(-) Outras Recuperações ,0.0,238
411712037,Despesas com Eventos/Sinistros - Judicial,0.0,238
411712034,(-) Recuperação por Reembolso do Contratante,0.0,218
411712033,(-) Recuperação por Co-Participação,0.0,242
411712032,(-) Glosas,0.0,242
411712144,(-) Recuperação por Reembolso do Contratante,0.0,4
411712143,(-) Recuperação por Co-Participação,0.0,8
411712139,(-) Outras Recuperações ,0.0,8
411712137,Despesas com Eventos/Sinistros - Judicial,0.0,12
411712133,(-) Recuperação por Co-Participação,0.0,8
411712132,(-) Glosas,0.0,8
411712131,Despesas com Eventos / Sinistros,0.0,12
411712069,(-) Outras Recuperações ,0.0,246
411712067,Despesas com Eventos/Sinistros - Judicial,0.0,258
411712059,(-) Outras Recuperações ,0.0,238
451219711,Ajuste ao valor de mercado,0.0,4
451219219,Outras Despesas,0.0,2
451219019,Outras Despesas,0.0,320
451119719,Outras Despesas,0.0,36
451119711,Ajuste ao valor de mercado,0.0,11
451119211,Ajuste ao valor de mercado,0.0,19
451119111,Ajuste ao valor de mercado,0.0,22
443119712,Despesas Operacionais de Outras Atividades (Confederações e Federações de Cooperativas),0.0,8
443119711,Despesas Operacionais de Outras Atividades (Autogestões - Lei 13.127),0.0,8
443119212,Despesas Operacionais de Outras Atividades (Confederações e Federações de Cooperativas),0.0,5
411712232,(-) Glosas,0.0,8
411712231,Despesas com Eventos / Sinistros,0.0,16
411712169,(-) Outras Recuperações ,0.0,8
411712167,Despesas com Eventos/Sinistros - Judicial,0.0,12
411712163,(-) Recuperação por Co-Participação,0.0,8
411712162,(-) Glosas,0.0,12
411712159,(-) Outras Recuperações ,0.0,8
411712157,Despesas com Eventos/Sinistros - Judicial,0.0,12
411712154,(-) Recuperação por Reembolso do Contratante,0.0,8
471119118,Outras Despesas,0.0,10
471119116,Despesa com Provisão para Riscos sobre Aluguel a Receber,0.0,4
411712153,(-) Recuperação por Co-Participação,0.0,8
411712152,(-) Glosas,0.0,8
411712149,(-) Outras Recuperações ,0.0,8
411712147,Despesas com Eventos/Sinistros - Judicial,0.0,12
411712259,(-) Outras Recuperações ,0.0,8
411712254,(-) Recuperação por Reembolso do Contratante,0.0,8
411712253,(-) Recuperação por Co-Participação,0.0,8
411712252,(-) Glosas,0.0,8
411712249,(-) Outras Recuperações ,0.0,8
411712247,Despesas com Eventos/Sinistros - Judicial,0.0,12
411712243,(-) Recuperação por Co-Participação,0.0,8
411712239,(-) Outras Recuperações ,0.0,12
411712237,Despesas com Eventos/Sinistros - Judicial,0.0,12
411712233,(-) Recuperação por Co-Participação,0.0,8
411712743,(-) Recuperação por Co-Participação,0.0,4
411712739,(-) Outras Recuperações ,0.0,4
411712737,Despesas com Eventos/Sinistros - Judicial,0.0,4
411712733,(-) Recuperação por Co-Participação,0.0,4
411712732,(-) Glosas,0.0,4
411712269,(-) Outras Recuperações ,0.0,8
411712263,(-) Recuperação por Co-Participação,0.0,8
411721012,(-) Glosas,0.0,240
411712769,(-) Outras Recuperações ,0.0,4
411712759,(-) Outras Recuperações ,0.0,4
411712757,Despesas com Eventos/Sinistros - Judicial,0.0,4
411712753,(-) Recuperação por Co-Participação,0.0,4
411712752,(-) Glosas,0.0,4
411712749,(-) Outras Recuperações ,0.0,4
411111039,(-) Outras Recuperações ,0.0,286
411721039,(-) Outras Recuperações ,0.0,240
411721037,Despesas com Eventos/Sinistros - Judicial,0.0,240
411721029,(-) Outras Recuperações ,0.0,244
411721027,Despesas com Eventos/Sinistros - Judicial,0.0,244
411721023,(-) Recuperação por Co-Participação,0.0,241
471119717,Provisão para Desvalorização,0.0,1
471119716,Despesa com Provisão para Riscos sobre Aluguel a Receber,0.0,4
471119715,Depreciações,0.0,11
471119714,Condomínio,0.0,11
471119712,Conservação e Reparos,0.0,9
471119218,Outras Despesas,0.0,1
471119215,Depreciações,0.0,8
471119214,Condomínio,0.0,4
471119213,"Impostos, Taxas e Seguros",0.0,8
471119212,Conservação e Reparos,0.0,8
471119211,Despesas com Serviços de Terceiros,0.0,4
471119119,(-) Recuperação de Despesas Patrimoniais,0.0,4
411721022,(-) Glosas,0.0,252
411721019,(-) Outras Recuperações ,0.0,240
464119711,Publicidade e Propaganda,0.0,220
411721013,(-) Recuperação por Co-Participação,0.0,240
443119211,Despesas Operacionais de Outras Atividades (Autogestões - Lei 13.127),0.0,12
443119011,Despesas Operacionais de Outras Atividades (Autogestões - Lei 13.127),0.0,290
442229711,Despesas com Intercâmbio Eventual por Diferença de Tabela,0.0,4
442229011,Despesas com Intercâmbio Eventual por Diferença de Tabela,0.0,272
442219711,Despesas com Intercâmbio Eventual por Diferença de Tabela,0.0,128
442219011,Despesas com Intercâmbio Eventual por Diferença de Tabela,0.0,421
442129739,(-) Reversão da Provisão Sobre Créditos de Oper. Assist. Não Relacionadas com Plano de Saúde,0.0,6
411722034,(-) Recuperação por Reembolso do Contratante,0.0,224
411722033,(-) Recuperação por Co-Participação,0.0,244
411722032,(-) Glosas,0.0,244
411722031,Despesas com Eventos / Sinistros,0.0,247
411721069,(-) Outras Recuperações ,0.0,240
411721059,(-) Outras Recuperações ,0.0,240
411721057,Despesas com Eventos/Sinistros - Judicial,0.0,240
411721053,(-) Recuperação por Co-Participação,0.0,240
411721052,(-) Glosas,0.0,242
411721051,Despesas com Eventos / Sinistros,0.0,253
411721049,(-) Outras Recuperações ,0.0,240
411721047,Despesas com Eventos/Sinistros - Judicial,0.0,244
411722061,Despesas com Eventos / Sinistros,0.0,279
411722059,(-) Outras Recuperações ,0.0,240
411722057,Despesas com Eventos/Sinistros - Judicial,0.0,240
411722054,(-) Recuperação por Reembolso do Contratante,0.0,232
411722053,(-) Recuperação por Co-Participação,0.0,244
464119213,Promoções,0.0,70
411722049,(-) Outras Recuperações ,0.0,240
411722047,Despesas com Eventos/Sinistros - Judicial,0.0,240
411722044,(-) Recuperação por Reembolso do Contratante,0.0,224
411722043,(-) Recuperação por Co-Participação,0.0,240
411722042,(-) Glosas,0.0,240
411722041,Despesas com Eventos / Sinistros,0.0,243
411722039,(-) Outras Recuperações ,0.0,240
411722037,Despesas com Eventos/Sinistros - Judicial,0.0,240
411811039,(-) Outras Recuperações ,0.0,238
411811033,(-) Recuperação por Co-Participação,0.0,238
411811023,(-) Recuperação por Co-Participação,0.0,242
411811019,(-) Outras Recuperações ,0.0,238
411811013,(-) Recuperação por Co-Participação,0.0,240
411722069,(-) Outras Recuperações ,0.0,240
411722067,Despesas com Eventos/Sinistros - Judicial,0.0,243
411722063,(-) Recuperação por Co-Participação,0.0,248
411811119,(-) Outras Recuperações ,0.0,4
411811113,(-) Recuperação por Co-Participação,0.0,4
411811112,(-) Reversão da Despesa,0.0,60
411811069,(-) Outras Recuperações ,0.0,247
411811059,(-) Outras Recuperações ,0.0,240
411811053,(-) Recuperação por Co-Participação,0.0,238
411811052,(-) Reversão da Despesa,0.0,269
411811049,(-) Outras Recuperações ,0.0,239
411811159,(-) Outras Recuperações ,0.0,4
411811153,(-) Recuperação por Co-Participação,0.0,4
411811152,(-) Reversão da Despesa,0.0,14
411811149,(-) Outras Recuperações ,0.0,4
411811143,(-) Recuperação por Co-Participação,0.0,4
411811142,(-) Reversão da Despesa,0.0,40
411811141,Despesas com Eventos / Sinistros,0.0,98
411811133,(-) Recuperação por Co-Participação,0.0,4
411811132,(-) Reversão da Despesa,0.0,24
411811129,(-) Outras Recuperações ,0.0,12
411811123,(-) Recuperação por Co-Participação,0.0,8
411811239,(-) Outras Recuperações ,0.0,11
411811233,(-) Recuperação por Co-Participação,0.0,11
411811232,(-) Reversão da Despesa,0.0,25
411811223,(-) Recuperação por Co-Participação,0.0,13
411811219,(-) Outras Recuperações ,0.0,13
411811213,(-) Recuperação por Co-Participação,0.0,11
411811169,(-) Outras Recuperações ,0.0,6
411811162,(-) Reversão da Despesa,0.0,96
442129731,Provisão Sobre Créditos de Operações  de Assistência Não Relacionadas com Plano de.Saúde,0.0,8
442129729,(-) Dedução de Despesas com Prestação de Serviços - Outros,0.0,4
442129719,Despesas com Prestação de Serviços - Outros,0.0,4
442129139,(-) Reversão da Provisão Sobre Créditos de Oper. Assist. Não Relacionadas com Plano de Saúde,0.0,6
442129131,Provisão Sobre Créditos de Operações  de Assistência Não Relacionadas com Plano de.Saúde,0.0,8
442129031,Provisão Sobre Créditos de Operações  de Assistência Não Relacionadas com Plano de.Saúde,0.0,271
442129029,(-) Dedução de Despesas com Prestação de Serviços - Outros,0.0,287
442129021,(-) Dedução de Despesas com Prestação de Serviços - SUS,0.0,259
442129015,Custo de ociosidade rede própria,0.0,254
442129011,Despesas com Prestação de Serviços - SUS,0.0,256
411811719,(-) Outras Recuperações ,0.0,8
411811713,(-) Recuperação por Co-Participação,0.0,8
411811269,(-) Outras Recuperações ,0.0,16
411811263,(-) Recuperação por Co-Participação,0.0,13
411811262,(-) Reversão da Despesa,0.0,101
411811259,(-) Outras Recuperações ,0.0,11
411811253,(-) Recuperação por Co-Participação,0.0,11
411811252,(-) Reversão da Despesa,0.0,39
411811251,Despesas com Eventos / Sinistros,0.0,83
411811243,(-) Recuperação por Co-Participação,0.0,11
411811759,(-) Outras Recuperações ,0.0,7
411811753,(-) Recuperação por Co-Participação,0.0,4
411811752,(-) Reversão da Despesa,0.0,23
411811739,(-) Outras Recuperações ,0.0,4
411811733,(-) Recuperação por Co-Participação,0.0,4
411811729,(-) Outras Recuperações ,0.0,20
411812052,(-) Reversão da Despesa,0.0,254
411812049,(-) Outras Recuperações ,0.0,238
411812044,(-) Recuperação por Reembolso do Contratante,0.0,222
411812043,(-) Recuperação por Co-Participação,0.0,238
411812042,(-) Reversão da Despesa,0.0,268
411812039,(-) Outras Recuperações ,0.0,238
411812034,(-) Recuperação por Reembolso do Contratante,0.0,218
411812033,(-) Recuperação por Co-Participação,0.0,238
411812032,(-) Reversão da Despesa,0.0,242
411812031,Despesas com Eventos / Sinistros,0.0,258
411811769,(-) Outras Recuperações ,0.0,25
442119721,(-) Dedução de Despesas com Prestação de Serviços - SUS,0.0,20
442119715,Custo de ociosidade rede própria,0.0,66
442119714,Despesas com Prestação de Serviços - Diagnósticos,0.0,48
442119713,Despesas com Prestação de Serviços - Ambulatorial,0.0,55
442119711,Despesas com Prestação de Serviços - SUS,0.0,33
442119231,Provisão Sobre Créditos de Operações  de Assistência Não Relacionadas com Plano de.Saúde,0.0,135
442119221,(-) Dedução de Despesas com Prestação de Serviços - SUS,0.0,20
442119214,Despesas com Prestação de Serviços - Diagnósticos,0.0,47
442119213,Despesas com Prestação de Serviços - Ambulatorial,0.0,59
411812149,(-) Outras Recuperações ,0.0,4
411812143,(-) Recuperação por Co-Participação,0.0,4
411812142,(-) Reversão da Despesa,0.0,4
411812141,Despesas com Eventos / Sinistros,0.0,18
411812139,(-) Outras Recuperações ,0.0,4
411812133,(-) Recuperação por Co-Participação,0.0,4
411812132,(-) Reversão da Despesa,0.0,5
411812069,(-) Outras Recuperações ,0.0,242
411812064,(-) Recuperação por Reembolso do Contratante,0.0,253
411812063,(-) Recuperação por Co-Participação,0.0,240
411812062,(-) Reversão da Despesa,0.0,313
411812061,Despesas com Eventos / Sinistros,0.0,354
411812059,(-) Outras Recuperações ,0.0,238
411812054,(-) Recuperação por Reembolso do Contratante,0.0,234
411812053,(-) Recuperação por Co-Participação,0.0,238
411812243,(-) Recuperação por Co-Participação,0.0,8
411812242,(-) Reversão da Despesa,0.0,15
411812239,(-) Outras Recuperações ,0.0,12
411812234,(-) Recuperação por Reembolso do Contratante,0.0,4
411812233,(-) Recuperação por Co-Participação,0.0,8
411812232,(-) Reversão da Despesa,0.0,11
411812231,Despesas com Eventos / Sinistros,0.0,22
411812169,(-) Outras Recuperações ,0.0,4
411812163,(-) Recuperação por Co-Participação,0.0,4
411812162,(-) Reversão da Despesa,0.0,12
411812161,Despesas com Eventos / Sinistros,0.0,41
411812159,(-) Outras Recuperações ,0.0,4
411812153,(-) Recuperação por Co-Participação,0.0,4
411812152,(-) Reversão da Despesa,0.0,10
411812151,Despesas com Eventos / Sinistros,0.0,15
411812739,(-) Outras Recuperações ,0.0,4
411812733,(-) Recuperação por Co-Participação,0.0,4
411812732,(-) Reversão da Despesa,0.0,8
411812731,Despesas com Eventos / Sinistros,0.0,18
411812269,(-) Outras Recuperações ,0.0,8
411812264,(-) Recuperação por Reembolso do Contratante,0.0,10
411812263,(-) Recuperação por Co-Participação,0.0,8
411812262,(-) Reversão da Despesa,0.0,24
411812261,Despesas com Eventos / Sinistros,0.0,54
411812259,(-) Outras Recuperações ,0.0,8
411812254,(-) Recuperação por Reembolso do Contratante,0.0,4
411812253,(-) Recuperação por Co-Participação,0.0,8
411812252,(-) Reversão da Despesa,0.0,11
411812251,Despesas com Eventos / Sinistros,0.0,21
411812249,(-) Outras Recuperações ,0.0,10
411812244,(-) Recuperação por Reembolso do Contratante,0.0,5
411821011,Despesas com Eventos / Sinistros,0.0,243
411812769,(-) Outras Recuperações ,0.0,11
411812764,(-) Recuperação por Reembolso do Contratante,0.0,26
411812763,(-) Recuperação por Co-Participação,0.0,4
411812762,(-) Reversão da Despesa,0.0,34
411812759,(-) Outras Recuperações ,0.0,4
411812754,(-) Recuperação por Reembolso do Contratante,0.0,8
411812753,(-) Recuperação por Co-Participação,0.0,4
411812752,(-) Reversão da Despesa,0.0,12
411812744,(-) Recuperação por Reembolso do Contratante,0.0,16
411812743,(-) Recuperação por Co-Participação,0.0,8
411812741,Despesas com Eventos / Sinistros,0.0,63
411821051,Despesas com Eventos / Sinistros,0.0,245
411821049,(-) Outras Recuperações ,0.0,240
411821043,(-) Recuperação por Co-Participação,0.0,240
411821042,(-) Reversão da Despesa,0.0,240
411821041,Despesas com Eventos / Sinistros,0.0,243
411821039,(-) Outras Recuperações ,0.0,240
411821033,(-) Recuperação por Co-Participação,0.0,240
411821032,(-) Reversão da Despesa,0.0,240
411821031,Despesas com Eventos / Sinistros,0.0,243
411821029,(-) Outras Recuperações ,0.0,240
411821023,(-) Recuperação por Co-Participação,0.0,240
411821022,(-) Reversão da Despesa,0.0,240
411821021,Despesas com Eventos / Sinistros,0.0,245
411821019,(-) Outras Recuperações ,0.0,240
411821013,(-) Recuperação por Co-Participação,0.0,240
411821012,(-) Reversão da Despesa,0.0,240
411822044,(-) Recuperação por Reembolso do Contratante,0.0,224
411822043,(-) Recuperação por Co-Participação,0.0,240
411822042,(-) Reversão da Despesa,0.0,240
411822041,Despesas com Eventos / Sinistros,0.0,243
411822039,(-) Outras Recuperações ,0.0,240
411822034,(-) Recuperação por Reembolso do Contratante,0.0,224
411822033,(-) Recuperação por Co-Participação,0.0,240
411822032,(-) Reversão da Despesa,0.0,240
411822031,Despesas com Eventos / Sinistros,0.0,243
411821069,(-) Outras Recuperações ,0.0,240
411821063,(-) Recuperação por Co-Participação,0.0,240
411821062,(-) Reversão da Despesa,0.0,240
411821061,Despesas com Eventos / Sinistros,0.0,243
411821059,(-) Outras Recuperações ,0.0,240
411821053,(-) Recuperação por Co-Participação,0.0,240
411821052,(-) Reversão da Despesa,0.0,240
411911019,(-) Outras Recuperações ,0.0,238
411911017,Despesas com Eventos/Sinistros - Judicial,0.0,238
411911013,(-) Recuperação por Co-Participação,0.0,242
411911012,(-) Glosas,0.0,250
411822069,(-) Outras Recuperações ,0.0,240
411822064,(-) Recuperação por Reembolso do Contratante,0.0,224
411822063,(-) Recuperação por Co-Participação,0.0,240
411822062,(-) Reversão da Despesa,0.0,240
411822061,Despesas com Eventos / Sinistros,0.0,243
411822059,(-) Outras Recuperações ,0.0,240
411822054,(-) Recuperação por Reembolso do Contratante,0.0,224
411822053,(-) Recuperação por Co-Participação,0.0,240
411822052,(-) Reversão da Despesa,0.0,240
411822051,Despesas com Eventos / Sinistros,0.0,243
411822049,(-) Outras Recuperações ,0.0,240
411911049,(-) Outras Recuperações ,0.0,243
411911047,Despesas com Eventos/Sinistros - Judicial,0.0,240
411911042,(-) Glosas,0.0,263
411911041,Despesas com Eventos / Sinistros,0.0,284
411911039,(-) Outras Recuperações ,0.0,238
411911037,Despesas com Eventos/Sinistros - Judicial,0.0,238
411911033,(-) Recuperação por Co-Participação,0.0,238
411911032,(-) Glosas,0.0,239
411111239,(-) Outras Recuperações ,0.0,49
411911027,Despesas com Eventos/Sinistros - Judicial,0.0,238
411911023,(-) Recuperação por Co-Participação,0.0,244
411911022,(-) Glosas,0.0,263
411911113,(-) Recuperação por Co-Participação,0.0,4
411911112,(-) Glosas,0.0,7
411911111,Despesas com Eventos / Sinistros,0.0,35
411911082,(-) Glosas,0.0,259
411911081,Despesas com Eventos / Sinistros,0.0,270
411911069,(-) Outras Recuperações ,0.0,242
411911067,Despesas com Eventos/Sinistros - Judicial,0.0,242
411911059,(-) Outras Recuperações ,0.0,241
411911057,Despesas com Eventos/Sinistros - Judicial,0.0,238
411911053,(-) Recuperação por Co-Participação,0.0,239
411911052,(-) Glosas,0.0,251
411911157,Despesas com Eventos/Sinistros - Judicial,0.0,4
411911153,(-) Recuperação por Co-Participação,0.0,4
411911152,(-) Glosas,0.0,4
411911149,(-) Outras Recuperações ,0.0,3
411911143,(-) Recuperação por Co-Participação,0.0,4
411911142,(-) Glosas,0.0,6
411911141,Despesas com Eventos / Sinistros,0.0,37
411911137,Despesas com Eventos/Sinistros - Judicial,0.0,4
411911133,(-) Recuperação por Co-Participação,0.0,4
411911132,(-) Glosas,0.0,5
411911127,Despesas com Eventos/Sinistros - Judicial,0.0,8
411911123,(-) Recuperação por Co-Participação,0.0,8
411911122,(-) Glosas,0.0,8
411911241,Despesas com Eventos / Sinistros,0.0,21
411911237,Despesas com Eventos/Sinistros - Judicial,0.0,4
411911231,Despesas com Eventos / Sinistros,0.0,17
411911229,(-) Outras Recuperações ,0.0,2
411911227,Despesas com Eventos/Sinistros - Judicial,0.0,8
411911223,(-) Recuperação por Co-Participação,0.0,1
411911217,Despesas com Eventos/Sinistros - Judicial,0.0,4
411911181,Despesas com Eventos / Sinistros,0.0,7
411911167,Despesas com Eventos/Sinistros - Judicial,0.0,8
411911163,(-) Recuperação por Co-Participação,0.0,4
411911162,(-) Glosas,0.0,12
411911731,Despesas com Eventos / Sinistros,0.0,20
411911729,(-) Outras Recuperações ,0.0,1
411911723,(-) Recuperação por Co-Participação,0.0,2
411911721,Despesas com Eventos / Sinistros,0.0,29
411911281,Despesas com Eventos / Sinistros,0.0,8
411911267,Despesas com Eventos/Sinistros - Judicial,0.0,4
411911263,(-) Recuperação por Co-Participação,0.0,3
411911257,Despesas com Eventos/Sinistros - Judicial,0.0,4
411911249,(-) Outras Recuperações ,0.0,3
411911247,Despesas com Eventos/Sinistros - Judicial,0.0,4
411912047,Despesas com Eventos/Sinistros - Judicial,0.0,238
411912044,(-) Recuperação por Reembolso do Contratante,0.0,218
411912043,(-) Recuperação por Co-Participação,0.0,238
411912042,(-) Glosas,0.0,242
411912041,Despesas com Eventos / Sinistros,0.0,250
411912039,(-) Outras Recuperações ,0.0,238
411912037,Despesas com Eventos/Sinistros - Judicial,0.0,238
411912034,(-) Recuperação por Reembolso do Contratante,0.0,218
411912033,(-) Recuperação por Co-Participação,0.0,238
411912032,(-) Glosas,0.0,238
411912031,Despesas com Eventos / Sinistros,0.0,243
411911781,Despesas com Eventos / Sinistros,0.0,4
411911761,Despesas com Eventos / Sinistros,0.0,24
411911751,Despesas com Eventos / Sinistros,0.0,16
411912084,(-) Recuperação por Reembolso do Contratante,0.0,225
411912082,(-) Glosas,0.0,248
411912069,(-) Outras Recuperações ,0.0,243
411912067,Despesas com Eventos/Sinistros - Judicial,0.0,238
411912064,(-) Recuperação por Reembolso do Contratante,0.0,219
411912063,(-) Recuperação por Co-Participação,0.0,242
411912062,(-) Glosas,0.0,250
411912061,Despesas com Eventos / Sinistros,0.0,267
411912059,(-) Outras Recuperações ,0.0,238
411912057,Despesas com Eventos/Sinistros - Judicial,0.0,238
411912054,(-) Recuperação por Reembolso do Contratante,0.0,219
411912053,(-) Recuperação por Co-Participação,0.0,238
411912052,(-) Glosas,0.0,238
411912051,Despesas com Eventos / Sinistros,0.0,244
411912049,(-) Outras Recuperações ,0.0,233
411912237,Despesas com Eventos/Sinistros - Judicial,0.0,4
411912184,(-) Recuperação por Reembolso do Contratante,0.0,13
411912182,(-) Glosas,0.0,2
411912181,Despesas com Eventos / Sinistros,0.0,27
411912167,Despesas com Eventos/Sinistros - Judicial,0.0,4
411912164,(-) Recuperação por Reembolso do Contratante,0.0,2
411912163,(-) Recuperação por Co-Participação,0.0,4
411912161,Despesas com Eventos / Sinistros,0.0,19
411912157,Despesas com Eventos/Sinistros - Judicial,0.0,4
411912151,Despesas com Eventos / Sinistros,0.0,12
411912147,Despesas com Eventos/Sinistros - Judicial,0.0,4
411912141,Despesas com Eventos / Sinistros,0.0,12
411912137,Despesas com Eventos/Sinistros - Judicial,0.0,4
411912131,Despesas com Eventos / Sinistros,0.0,3
442119212,Despesas com Prestação de Serviços - Hospitalar,0.0,68
442119211,Despesas com Prestação de Serviços - SUS,0.0,34
442119121,(-) Dedução de Despesas com Prestação de Serviços - SUS,0.0,27
442119114,Despesas com Prestação de Serviços - Diagnósticos,0.0,100
442119113,Despesas com Prestação de Serviços - Ambulatorial,0.0,106
411912764,(-) Recuperação por Reembolso do Contratante,0.0,6
411912761,Despesas com Eventos / Sinistros,0.0,16
411912751,Despesas com Eventos / Sinistros,0.0,12
411912744,(-) Recuperação por Reembolso do Contratante,0.0,3
411912741,Despesas com Eventos / Sinistros,0.0,7
411912284,(-) Recuperação por Reembolso do Contratante,0.0,11
411912281,Despesas com Eventos / Sinistros,0.0,26
411912267,Despesas com Eventos/Sinistros - Judicial,0.0,4
411912264,(-) Recuperação por Reembolso do Contratante,0.0,4
411912261,Despesas com Eventos / Sinistros,0.0,20
411912257,Despesas com Eventos/Sinistros - Judicial,0.0,4
411912251,Despesas com Eventos / Sinistros,0.0,8
411912247,Despesas com Eventos/Sinistros - Judicial,0.0,4
411921037,Despesas com Eventos/Sinistros - Judicial,0.0,243
411921033,(-) Recuperação por Co-Participação,0.0,243
411921032,(-) Glosas,0.0,243
411921031,Despesas com Eventos / Sinistros,0.0,243
411921029,(-) Outras Recuperações ,0.0,243
411921027,Despesas com Eventos/Sinistros - Judicial,0.0,243
411921023,(-) Recuperação por Co-Participação,0.0,243
411921022,(-) Glosas,0.0,244
411921019,(-) Outras Recuperações ,0.0,240
411921017,Despesas com Eventos/Sinistros - Judicial,0.0,240
411921013,(-) Recuperação por Co-Participação,0.0,240
411921012,(-) Glosas,0.0,240
411921011,Despesas com Eventos / Sinistros,0.0,243
411912784,(-) Recuperação por Reembolso do Contratante,0.0,6
411921069,(-) Outras Recuperações ,0.0,243
411921067,Despesas com Eventos/Sinistros - Judicial,0.0,243
411921063,(-) Recuperação por Co-Participação,0.0,243
411921062,(-) Glosas,0.0,243
411921061,Despesas com Eventos / Sinistros,0.0,248
411921059,(-) Outras Recuperações ,0.0,243
411921057,Despesas com Eventos/Sinistros - Judicial,0.0,243
411921053,(-) Recuperação por Co-Participação,0.0,243
411921052,(-) Glosas,0.0,243
411921051,Despesas com Eventos / Sinistros,0.0,243
411921049,(-) Outras Recuperações ,0.0,243
411921047,Despesas com Eventos/Sinistros - Judicial,0.0,243
411921043,(-) Recuperação por Co-Participação,0.0,243
411921042,(-) Glosas,0.0,243
411921041,Despesas com Eventos / Sinistros,0.0,243
411921039,(-) Outras Recuperações ,0.0,243
411922052,(-) Glosas,0.0,240
411922051,Despesas com Eventos / Sinistros,0.0,243
411922049,(-) Outras Recuperações ,0.0,243
411922047,Despesas com Eventos/Sinistros - Judicial,0.0,243
411922044,(-) Recuperação por Reembolso do Contratante,0.0,227
411922043,(-) Recuperação por Co-Participação,0.0,240
411922042,(-) Glosas,0.0,240
411922041,Despesas com Eventos / Sinistros,0.0,243
411922039,(-) Outras Recuperações ,0.0,243
411922037,Despesas com Eventos/Sinistros - Judicial,0.0,240
411922034,(-) Recuperação por Reembolso do Contratante,0.0,224
411922033,(-) Recuperação por Co-Participação,0.0,240
411922032,(-) Glosas,0.0,243
411922031,Despesas com Eventos / Sinistros,0.0,243
411921082,(-) Glosas,0.0,243
411921081,Despesas com Eventos / Sinistros,0.0,243
411922084,(-) Recuperação por Reembolso do Contratante,0.0,227
411922082,(-) Glosas,0.0,247
411922081,Despesas com Eventos / Sinistros,0.0,248
411922069,(-) Outras Recuperações ,0.0,244
411922067,Despesas com Eventos/Sinistros - Judicial,0.0,244
411922064,(-) Recuperação por Reembolso do Contratante,0.0,227
411922063,(-) Recuperação por Co-Participação,0.0,243
411922062,(-) Glosas,0.0,243
411922061,Despesas com Eventos / Sinistros,0.0,243
411922059,(-) Outras Recuperações ,0.0,243
411922057,Despesas com Eventos/Sinistros - Judicial,0.0,240
411922054,(-) Recuperação por Reembolso do Contratante,0.0,224
411922053,(-) Recuperação por Co-Participação,0.0,240
416121011,Prêmios,0.0,243
416111111,Prêmios,0.0,4
415211011,Outras Despesas de Resseguro,0.0,256
415121011,Prêmios,0.0,256
415111011,Prêmios,0.0,258
414129711,Provisão de Eventos/Sinistros Ocorridos e Não Avisados - Outros Prestadores,0.0,4
414129112,Provisão de Eventos/Sinistros Ocorridos e Não Avisados - SUS,0.0,4
414129111,Provisão de Eventos/Sinistros Ocorridos e Não Avisados - Outros Prestadores,0.0,48
431111033,Encargos Sociais,0.0,321
431111031,Remuneração ¿ Pessoal Próprio (Assalariado),0.0,364
416211011,Outras Despesas de Seguro,0.0,258
431111731,Remuneração ¿ Pessoal Próprio (Assalariado),0.0,70
431111723,Encargos Sociais,0.0,101
431111233,Encargos Sociais,0.0,76
431111231,Remuneração ¿ Pessoal Próprio (Assalariado),0.0,84
431111222,Comissão/Agenciamento,0.0,144
431112132,Comissão/Agenciamento,0.0,45
431112131,Remuneração ¿ Pessoal Próprio (Assalariado),0.0,22
431112123,Encargos Sociais,0.0,25
431112121,Remuneração ¿ Pessoal Próprio (Assalariado),0.0,28
431112033,Encargos Sociais,0.0,247
431112031,Remuneração ¿ Pessoal Próprio (Assalariado),0.0,251
431112023,Encargos Sociais,0.0,246
431112021,Remuneração ¿ Pessoal Próprio (Assalariado),0.0,248
431121023,Encargos Sociais,0.0,268
431112733,Encargos Sociais,0.0,12
431112731,Remuneração ¿ Pessoal Próprio (Assalariado),0.0,8
431112723,Encargos Sociais,0.0,12
431112722,Comissão/Agenciamento,0.0,22
431112721,Remuneração ¿ Pessoal Próprio (Assalariado),0.0,12
431112233,Encargos Sociais,0.0,9
431112232,Comissão/Agenciamento,0.0,21
431112231,Remuneração ¿ Pessoal Próprio (Assalariado),0.0,5
431112223,Encargos Sociais,0.0,4
431112222,Comissão/Agenciamento,0.0,9
431112221,Remuneração ¿ Pessoal Próprio (Assalariado),0.0,7
431112133,Encargos Sociais,0.0,22
431121143,Encargos Sociais,0.0,13
431121142,Comissão/Agenciamento,0.0,55
431121133,Encargos Sociais,0.0,4
431121132,Comissão/Agenciamento,0.0,4
431121131,Remuneração ¿ Pessoal Próprio (Assalariado),0.0,8
431121123,Encargos Sociais,0.0,9
431121122,Comissão/Agenciamento,0.0,12
431121121,Remuneração ¿ Pessoal Próprio (Assalariado),0.0,9
431121043,Encargos Sociais,0.0,288
431121041,Remuneração ¿ Pessoal Próprio (Assalariado),0.0,290
431121033,Encargos Sociais,0.0,255
431121032,Comissão/Agenciamento,0.0,317
431121031,Remuneração ¿ Pessoal Próprio (Assalariado),0.0,253
431122023,Encargos Sociais,0.0,248
431122022,Comissão/Agenciamento,0.0,254
431121743,Encargos Sociais,0.0,16
431121742,Comissão/Agenciamento,0.0,13
431121741,Remuneração ¿ Pessoal Próprio (Assalariado),0.0,16
431121733,Encargos Sociais,0.0,4
431121731,Remuneração ¿ Pessoal Próprio (Assalariado),0.0,4
431121723,Encargos Sociais,0.0,8
431121722,Comissão/Agenciamento,0.0,4
431121721,Remuneração ¿ Pessoal Próprio (Assalariado),0.0,8
431121243,Encargos Sociais,0.0,4
431121241,Remuneração ¿ Pessoal Próprio (Assalariado),0.0,4
431121233,Encargos Sociais,0.0,4
431121231,Remuneração ¿ Pessoal Próprio (Assalariado),0.0,4
431121223,Encargos Sociais,0.0,4
431322011,Cobertura Assistencial com Preço Pós-estabelecido,0.0,254
431312711,Cobertura Assistencial com Preço Pós-estabelecido,0.0,4
431312211,Cobertura Assistencial com Preço Pós-estabelecido,0.0,5
431311711,Cobertura Assistencial com Preço Preestabelecido,0.0,25
431311111,Cobertura Assistencial com Preço Preestabelecido,0.0,64
431122121,Remuneração ¿ Pessoal Próprio (Assalariado),0.0,4
431122033,Encargos Sociais,0.0,248
431122032,Comissão/Agenciamento,0.0,257
431122031,Remuneração ¿ Pessoal Próprio (Assalariado),0.0,248
463819712,Perda por Redução ao Valor Recuperável,0.0,4
463819212,Perda por Redução ao Valor Recuperável,0.0,4
463819112,Perda por Redução ao Valor Recuperável,0.0,4
441319014,Despesas com Apólices e Contratos,0.0,407
431429021,Prêmios de Seguro,0.0,268
431429011,Contraprestações Pecuniárias,0.0,278
431419111,Contraprestações Pecuniárias,0.0,11
441319131,Taxa de Administração,0.0,71
441319118,Despesas com Taxa de Administração - Administradora de Benefícios,0.0,12
441319115,Despesas com Inspeção de Riscos,0.0,24
442119011,Despesas com Prestação de Serviços - SUS,0.0,388
441929719,(-) Reversão da Prov. Sobre Contraprest. Pecuniárias/Prêmios a Receber de Assist. Odontológica,0.0,11
441929711,Provisão Sobre Contraprest. Pecuniárias/Prêmios a Receber de Assist. Odontológica,0.0,12
441929121,Provisão Sobre Demais Créditos de Operações de Assistência Odontológica,0.0,4
441929119,(-) Reversão da Prov. Sobre Contraprest. Pecuniárias/Prêmios a Receber de Assist. Odontológica,0.0,21
441929111,Provisão Sobre Contraprest. Pecuniárias/Prêmios a Receber de Assist. Odontológica,0.0,56
441929059,(-) Reversão da Provisão Sobre Taxa de Administração de Benefícios a Receber,0.0,265
441929051,Provisão Sobre Taxa de Administração de Benefícios a Receber,0.0,265
441929039,(-) Reversão da Provisão Sobre Outros Créditos de Administradora de Benefícios,0.0,261
441929031,Provisão Sobre Outros Créditos de Administradora de Benefícios,0.0,271
441319713,Despesas com Encargos Sociais,0.0,48
441319241,Despesas com Eventos/Sinistros não cobertos,0.0,116
441319231,Taxa de Administração,0.0,25
441319218,Despesas com Taxa de Administração - Administradora de Benefícios,0.0,4
441319213,Despesas com Encargos Sociais,0.0,40
441329015,Despesas com Inspeção de Riscos,0.0,264
441319742,Despesas com Provisão para Contingências,0.0,96
441319731,Taxa de Administração,0.0,16
441319722,Amortização com Aquisição de Carteiras,0.0,6
441319718,Despesas com Taxa de Administração - Administradora de Benefícios,0.0,8
441319715,Despesas com Inspeção de Riscos,0.0,4
441319714,Despesas com Apólices e Contratos,0.0,29
441329122,Amortização com Aquisição de Carteiras,0.0,1
441329042,Despesas com Provisão para Contingências,0.0,286
463719712,Perda por Redução ao Valor Recuperável,0.0,7
441329031,Taxa de Administração,0.0,243
441329023,Provisão para Redução ao Valor Recuperável do Ativo relacionado a Aquisição de Carteiras,0.0,253
441329022,Amortização com Aquisição de Carteiras,0.0,257
463719212,Perda por Redução ao Valor Recuperável,0.0,7
441329018,Despesas com Taxa de Administração - Administradora de Benefícios,0.0,247
441529011,Despesas com Programa de Boas Práticas em Atenção à Saúde  - Aprovados pela DIDES,0.0,242
411111739,(-) Outras Recuperações ,0.0,16
441519212,Despesas com Programa de Promoção da Saúde e Prevenção de Riscos e Doenças - Não aprovadas pela DIPRO,0.0,121
441329719,Outras Despesas,0.0,8
441329717,Despesas com Serviços Prestados por Terceiros,0.0,4
441329712,Despesas com Cobrança,0.0,8
441329711,Confecção de Carteiras/Livro de Credenciamento,0.0,8
441329217,Despesas com Serviços Prestados por Terceiros,0.0,4
441629019,(-) Outras,0.0,272
441629011,(-) Impostos sobre Faturamento,0.0,252
441619719,(-) Outras,0.0,46
441619711,(-) Impostos sobre Faturamento,0.0,22
441619219,(-) Outras,0.0,48
441619211,(-) Impostos sobre Faturamento,0.0,21
441619011,(-) Impostos sobre Faturamento,0.0,263
441529712,Despesas com Programa de Boas Práticas em Atenção à Saúde  - Não Aprovados pela DIDES,0.0,7
441529711,Despesas com Programa de Boas Práticas em Atenção à Saúde  - Aprovados pela DIDES,0.0,3
441529212,Despesas com Programa de Boas Práticas em Atenção à Saúde  - Não Aprovados pela DIDES,0.0,8
441529211,Despesas com Programa de Boas Práticas em Atenção à Saúde  - Aprovados pela DIDES,0.0,3
441529112,Despesas com Programa de Boas Práticas em Atenção à Saúde  - Não Aprovados pela DIDES,0.0,20
441529111,Despesas com Programa de Boas Práticas em Atenção à Saúde  - Aprovados pela DIDES,0.0,15
441919139,(-) Reversão da Provisão Sobre Outros Créditos de Administradora de Benefícios,0.0,16
411111719,(-) Outras Recuperações ,0.0,31
411111759,(-) Outras Recuperações ,0.0,15
471219719,Outras despesas,0.0,12
471219711,Resultado de Equivalência Patrimonial,0.0,30
471219219,Outras despesas,0.0,4
471219211,Resultado de Equivalência Patrimonial,0.0,9
471219117,Provisão para Desvalorização,0.0,1
471319211,Investimentos,0.0,14
471319113,Intangível,0.0,21
463319712,Arrendamento Mercantil,0.0,20
441919231,Provisão Sobre Outros Créditos de Administradora de Benefícios,0.0,7
441919131,Provisão Sobre Outros Créditos de Administradora de Benefícios,0.0,23
441919031,Provisão Sobre Outros Créditos de Administradora de Benefícios,0.0,349
441919751,Provisão Sobre Taxa de Administração de Benefícios a Receber,0.0,4
441919739,(-) Reversão da Provisão Sobre Outros Créditos de Administradora de Benefícios,0.0,8
441919731,Provisão Sobre Outros Créditos de Administradora de Benefícios,0.0,8
441919729,(-) reversão da Provisão Sobre Demais Créditos de Operações de Assist. Méd-Hospitalar,0.0,95
463319212,Arrendamento Mercantil,0.0,26
441919259,(-) Reversão da Provisão Sobre Taxa de Administração de Benefícios a Receber,0.0,4
471219111,Resultado de Equivalência Patrimonial,0.0,56
471219019,Outras despesas,0.0,273
471219017,Provisão para Desvalorização,0.0,229
471119719,(-) Recuperação de Despesas Patrimoniais,0.0,4
441919239,(-) Reversão da Provisão Sobre Outros Créditos de Administradora de Benefícios,0.0,4
411612062,(-) Glosas,-12.0,271
411512242,(-) Glosas,-18.0,24
411311033,(-) Recuperação por Co-Participação,-21.0,245
411411722,(-) Glosas,-30.0,53
411611023,(-) Recuperação por Co-Participação,-31.0,230
411621762,(-) Glosas,-37.0,3
411811063,(-) Recuperação por Co-Participação,-38.0,250
411311143,(-) Recuperação por Co-Participação,-40.0,1
411412164,(-) Recuperação por Reembolso do Contratante,-42.0,69
411511232,(-) Glosas,-45.0,24
411122052,(-) Glosas,-50.0,275
411111259,(-) Outras Recuperações ,-60.0,84
411412159,(-) Outras Recuperações ,-60.0,13
411712742,(-) Glosas,-78.0,12
411311082,(-) Glosas,-80.0,243
411112242,(-) Glosas,-87.0,184
411612754,(-) Recuperação por Reembolso do Contratante,-91.0,16
411111729,(-) Outras Recuperações ,-91.0,47
411311263,(-) Recuperação por Co-Participação,-96.0,5
411311223,(-) Recuperação por Co-Participação,-96.0,6
411711123,(-) Recuperação por Co-Participação,-100.0,29
411511723,(-) Recuperação por Co-Participação,-100.0,30
411212052,(-) Glosas,-100.0,244
411311243,(-) Recuperação por Co-Participação,-112.0,5
411611743,(-) Recuperação por Co-Participação,-120.0,93
411211013,(-) Recuperação por Co-Participação,-124.0,249
411411733,(-) Recuperação por Co-Participação,-130.0,7
411112234,(-) Recuperação por Reembolso do Contratante,-130.0,49
411111149,(-) Outras Recuperações ,-131.0,116
411211043,(-) Recuperação por Co-Participação,-138.0,291
411412234,(-) Recuperação por Reembolso do Contratante,-139.0,6
411711069,(-) Outras Recuperações ,-140.0,252
411811163,(-) Recuperação por Co-Participação,-150.0,10
411412754,(-) Recuperação por Reembolso do Contratante,-150.0,9
411211029,(-) Outras Recuperações ,-158.0,245
411721033,(-) Recuperação por Co-Participação,-160.0,244
411421063,(-) Recuperação por Co-Participação,-190.0,277
411112752,(-) Glosas,-200.0,67
411611053,(-) Recuperação por Co-Participação,-200.0,223
411612264,(-) Recuperação por Reembolso do Contratante,-204.0,94
411411253,(-) Recuperação por Co-Participação,-220.0,19
411411753,(-) Recuperação por Co-Participação,-225.0,18
411612259,(-) Outras Recuperações,-230.0,12
411411163,(-) Recuperação por Co-Participação,-240.0,135
411112052,(-) Glosas,-240.0,305
411611063,(-) Recuperação por Co-Participação,-250.0,363
411711149,(-) Outras Recuperações ,-250.0,9
411612244,(-) Recuperação por Reembolso do Contratante,-255.0,62
411512152,(-) Glosas,-257.0,52
411511763,(-) Recuperação por Co-Participação,-300.0,35
411411123,(-) Recuperação por Co-Participação,-311.0,140
411721043,(-) Recuperação por Co-Participação,-312.0,254
411411032,(-) Glosas,-315.0,292
411612143,(-) Recuperação por Co-Participação,-315.0,44
411511013,(-) Recuperação por Co-Participação,-329.0,273
411511262,(-) Glosas,-330.0,81
411121023,(-) Recuperação por Co-Participação,-330.0,286
411722052,(-) Glosas,-340.0,254
411612163,(-) Recuperação por Co-Participação,-345.0,81
411612142,(-) Glosas,-345.0,121
411112763,(-) Recuperação por Co-Participação,-349.0,46
411411129,(-) Outras Recuperações ,-355.0,23
411511713,(-) Recuperação por Co-Participação,-355.0,9
411112232,(-) Glosas,-369.0,59
411211162,(-) Glosas,-371.0,12
411112043,(-) Recuperação por Co-Participação,-372.0,305
411112244,(-) Recuperação por Reembolso do Contratante,-395.0,180
411511132,(-) Glosas,-396.0,97
442129039,(-) Reversão da Provisão Sobre Créditos de Oper. Assist. Não Relacionadas com Plano de Saúde,-416.0,263
411411743,(-) Recuperação por Co-Participação,-465.0,62
411611753,(-) Recuperação por Co-Participação,-486.0,19
411411742,(-) Glosas,-492.0,50
411211053,(-) Recuperação por Co-Participação,-496.0,250
411311042,(-) Glosas,-500.0,265
411512182,(-) Glosas,-505.0,241
411411152,(-) Glosas,-522.0,54
411711053,(-) Recuperação por Co-Participação,-539.0,250
411511219,(-) Outras Recuperações ,-550.0,16
411511059,(-) Outras Recuperações ,-564.0,243
411411169,(-) Outras Recuperações ,-570.0,21
411612144,(-) Recuperação por Reembolso do Contratante,-585.0,133
411311052,(-) Glosas,-592.0,251
411612149,(-) Outras Recuperações,-600.0,27
411411232,(-) Glosas,-600.0,70
411511269,(-) Outras Recuperações ,-600.0,20
411411763,(-) Recuperação por Co-Participação,-615.0,85
411711253,(-) Recuperação por Co-Participação,-615.0,10
411412262,(-) Glosas,-620.0,65
411612752,(-) Glosas,-630.0,14
411411112,(-) Glosas,-638.0,104
411811249,(-) Outras Recuperações ,-650.0,16
411811723,(-) Recuperação por Co-Participação,-655.0,19
411412784,(-) Recuperação por Reembolso do Contratante,-660.0,81
411121132,(-) Glosas,-673.0,8
442119729,(-) Dedução de Despesas com Prestação de Serviços - Outros,-680.0,90
411112252,(-) Glosas,-736.0,134
411711223,(-) Recuperação por Co-Participação,-750.0,53
411111753,(-) Recuperação por Co-Participação,-765.0,111
411811043,(-) Recuperação por Co-Participação,-782.0,247
411121142,(-) Glosas,-797.0,39
411611752,(-) Glosas,-810.0,20
411712763,(-) Recuperação por Co-Participação,-815.0,16
411512163,(-) Recuperação por Co-Participação,-843.0,50
411611213,(-) Recuperação por Co-Participação,-855.0,107
411811212,(-) Reversão da Despesa,-858.0,54
411411132,(-) Glosas,-865.0,55
411512144,(-) Recuperação por Reembolso do Contratante,-870.0,86
411511242,(-) Glosas,-900.0,68
411412142,(-) Glosas,-920.0,22
411111119,(-) Outras Recuperações ,-940.0,143
411611742,(-) Glosas,-1008.0,82
411411069,(-) Outras Recuperações ,-1050.0,261
411711143,(-) Recuperação por Co-Participação,-1050.0,24
411611042,(-) Glosas,-1056.0,277
441919039,(-) Reversão da Provisão Sobre Outros Créditos de Administradora de Benefícios,-1062.0,291
411411263,(-) Recuperação por Co-Participação,-1081.0,160
411412144,(-) Recuperação por Reembolso do Contratante,-1100.0,36
411811722,(-) Reversão da Despesa,-1118.0,129
411112764,(-) Recuperação por Reembolso do Contratante,-1141.0,129
411411013,(-) Recuperação por Co-Participação,-1156.0,254
411621162,(-) Glosas,-1184.0,2
411611713,(-) Recuperação por Co-Participação,-1191.0,27
411412762,(-) Glosas,-1200.0,21
411811229,(-) Outras Recuperações ,-1200.0,20
442119739,(-) Reversão da Provisão Sobre Créditos de Oper. Assist. Não Relacionadas com Plano de Saúde,-1206.0,135
411112133,(-) Recuperação por Co-Participação,-1254.0,24
411412134,(-) Recuperação por Reembolso do Contratante,-1280.0,8
411811742,(-) Reversão da Despesa,-1350.0,106
411411142,(-) Glosas,-1356.0,146
411412084,(-) Recuperação por Reembolso do Contratante,-1400.0,246
411711113,(-) Recuperação por Co-Participação,-1460.0,20
411311023,(-) Recuperação por Co-Participação,-1513.0,273
411412162,(-) Glosas,-1515.0,52
411111712,(-) Glosas,-1570.0,210
411411042,(-) Glosas,-1585.0,406
411712142,(-) Glosas,-1612.0,12
411711243,(-) Recuperação por Co-Participação,-1643.0,46
411112253,(-) Recuperação por Co-Participação,-1659.0,36
411711769,(-) Outras Recuperações ,-1770.0,30
411411143,(-) Recuperação por Co-Participação,-1800.0,105
468119719,Outras Despesas,-1817.0,251
411311043,(-) Recuperação por Co-Participação,-1820.0,268
411212054,(-) Recuperação por Reembolso do Contratante,-1840.0,229
411712054,(-) Recuperação por Reembolso do Contratante,-1861.0,247
411211032,(-) Glosas,-1935.0,252
411111052,(-) Glosas,-1960.0,460
411411762,(-) Glosas,-1982.0,71
411111713,(-) Recuperação por Co-Participação,-2011.0,160
411511029,(-) Outras Recuperações ,-2012.0,241
411511129,(-) Outras Recuperações ,-2080.0,50
411912244,(-) Recuperação por Reembolso do Contratante,-2445.0,4
411111732,(-) Glosas,-2452.0,102
411711033,(-) Recuperação por Co-Participação,-2526.0,250
411112062,(-) Glosas,-2563.0,432
411311012,(-) Glosas,-2590.0,253
411611153,(-) Recuperação por Co-Participação,-2739.0,189
411511252,(-) Glosas,-2800.0,22
411112754,(-) Recuperação por Reembolso do Contratante,-2880.0,57
471119718,Outras Despesas,-2900.0,11
411911043,(-) Recuperação por Co-Participação,-3050.0,250
411712762,(-) Glosas,-3065.0,27
411811712,(-) Reversão da Despesa,-3152.0,126
411411712,(-) Glosas,-3159.0,39
411412242,(-) Glosas,-3184.0,46
411611043,(-) Recuperação por Co-Participação,-3200.0,294
411612764,(-) Recuperação por Reembolso do Contratante,-3320.0,52
411711129,(-) Outras Recuperações ,-3420.0,13
411111252,(-) Glosas,-3477.0,371
441319743,(-) Reversão de Provisão para Contingências,-3553.0,73
411511212,(-) Glosas,-3579.0,55
411421062,(-) Glosas,-3580.0,285
411711163,(-) Recuperação por Co-Participação,-3667.0,29
411721063,(-) Recuperação por Co-Participação,-3676.0,290
411721032,(-) Glosas,-3766.0,244
411411252,(-) Glosas,-3834.0,68
411112734,(-) Recuperação por Reembolso do Contratante,-3949.0,16
411711242,(-) Glosas,-4021.0,39
411612152,(-) Glosas,-4100.0,94
411411759,(-) Outras Recuperações ,-4280.0,8
411111749,(-) Outras Recuperações ,-4334.0,38
411811749,(-) Outras Recuperações ,-4350.0,16
411512752,(-) Glosas,-4397.0,15
411411053,(-) Recuperação por Co-Participação,-4586.0,265
411121069,(-) Outras Recuperações ,-5000.0,295
441329143,(-) Reversão de Provisão para Contingências,-5000.0,1
411711722,(-) Glosas,-5144.0,93
411112162,(-) Glosas,-5164.0,347
411611169,(-) Outras Recuperações ,-5182.0,114
411411212,(-) Glosas,-5246.0,141
411612169,(-) Outras Recuperações,-5248.0,41
411711729,(-) Outras Recuperações ,-5255.0,23
411712234,(-) Recuperação por Reembolso do Contratante,-5290.0,9
411511259,(-) Outras Recuperações ,-5350.0,16
411511169,(-) Outras Recuperações ,-5400.0,72
411812749,(-) Outras Recuperações ,-5400.0,10
411112143,(-) Recuperação por Co-Participação,-5457.0,50
411411082,(-) Glosas,-5460.0,271
411411739,(-) Outras Recuperações ,-5480.0,4
411112142,(-) Glosas,-5775.0,191
411211012,(-) Glosas,-5886.0,262
411512282,(-) Glosas,-6000.0,68
411811743,(-) Recuperação por Co-Participação,-6110.0,18
411411242,(-) Glosas,-6231.0,194
411711749,(-) Outras Recuperações ,-6241.0,9
411111782,(-) Glosas,-6314.0,57
411611233,(-) Recuperação por Co-Participação,-6374.0,52
411811242,(-) Reversão da Despesa,-6381.0,53
411121032,(-) Glosas,-6439.0,290
411211082,(-) Glosas,-6472.0,253
411711222,(-) Glosas,-6506.0,52
411121043,(-) Recuperação por Co-Participação,-6570.0,316
411111139,(-) Outras Recuperações ,-6585.0,42
411411162,(-) Glosas,-6633.0,205
411211023,(-) Recuperação por Co-Participação,-6790.0,296
411711753,(-) Recuperação por Co-Participação,-6800.0,7
411412182,(-) Glosas,-6865.0,153
411611722,(-) Glosas,-6997.0,94
411711043,(-) Recuperação por Co-Participação,-7192.0,341
441919759,(-) Reversão da Provisão Sobre Taxa de Administração de Benefícios a Receber,-7520.0,4
411511213,(-) Recuperação por Co-Participação,-7916.0,39
411712042,(-) Glosas,-7980.0,279
411412782,(-) Glosas,-8100.0,50
411111269,(-) Outras Recuperações ,-8162.0,177
411122043,(-) Recuperação por Co-Participação,-8184.0,260
411712063,(-) Recuperação por Co-Participação,-8400.0,271
411111019,(-) Outras Recuperações ,-8542.0,281
441929019,(-) Reversão da Prov. Sobre Contraprest. Pecuniárias/Prêmios a Receber de Assist. Odontológica,-9105.0,577
411511012,(-) Glosas,-9520.0,277
411912282,(-) Glosas,-9944.0,13
411712262,(-) Glosas,-10045.0,16
411711012,(-) Glosas,-10166.0,290
411611222,(-) Glosas,-10463.0,213
411511153,(-) Recuperação por Co-Participação,-10892.0,88
411111762,(-) Glosas,-10916.0,346
411411023,(-) Recuperação por Co-Participação,-10998.0,321
411711162,(-) Glosas,-11000.0,28
411811241,Despesas com Eventos / Sinistros,-11335.0,140
411211042,(-) Glosas,-11490.0,273
414119212,Provisão de Eventos/Sinistros Ocorridos e Não Avisados - SUS,-11512.0,201
411711122,(-) Glosas,-11687.0,27
411411012,(-) Glosas,-11722.0,313
411411043,(-) Recuperação por Co-Participação,-11847.0,364
411511023,(-) Recuperação por Co-Participação,-11964.0,314
442129129,(-) Dedução de Despesas com Prestação de Serviços - Outros,-11969.0,8
411511043,(-) Recuperação por Co-Participação,-12125.0,300
411711733,(-) Recuperação por Co-Participação,-12384.0,17
411111182,(-) Glosas,-12423.0,145
411511253,(-) Recuperação por Co-Participação,-12869.0,21
411611712,(-) Glosas,-13220.0,46
411121122,(-) Glosas,-13385.0,56
411911742,(-) Glosas,-13800.0,3
411712244,(-) Recuperação por Reembolso do Contratante,-14047.0,16
411511133,(-) Recuperação por Co-Participação,-14361.0,78
411611133,(-) Recuperação por Co-Participação,-14621.0,166
411711213,(-) Recuperação por Co-Participação,-14800.0,27
411711252,(-) Glosas,-14940.0,18
411511233,(-) Recuperação por Co-Participação,-14982.0,25
411112762,(-) Glosas,-15233.0,138
411711762,(-) Glosas,-15411.0,107
411711212,(-) Glosas,-15420.0,32
411512162,(-) Glosas,-15547.0,113
411711269,(-) Outras Recuperações ,-15570.0,24
411412043,(-) Recuperação por Co-Participação,-15800.0,243
411111053,(-) Recuperação por Co-Participação,-15911.0,369
411611723,(-) Recuperação por Co-Participação,-16990.0,104
411412764,(-) Recuperação por Reembolso do Contratante,-17097.0,23
411111282,(-) Glosas,-18947.0,106
411811762,(-) Reversão da Despesa,-20416.0,162
411812742,(-) Reversão da Despesa,-20793.0,31
411411122,(-) Glosas,-20913.0,177
411311013,(-) Recuperação por Co-Participação,-20960.0,253
411612242,(-) Glosas,-20961.0,48
441929029,(-) Reversão da Provisão Sobre Demais Créditos de Operações de Assist. Odontológica,-21849.0,310
411111152,(-) Glosas,-22135.0,425
411811732,(-) Reversão da Despesa,-22287.0,52
411511142,(-) Glosas,-22440.0,249
411412063,(-) Recuperação por Co-Participação,-22515.0,281
411511032,(-) Glosas,-22870.0,258
411712242,(-) Glosas,-22930.0,15
411711263,(-) Recuperação por Co-Participação,-23469.0,66
411712264,(-) Recuperação por Reembolso do Contratante,-24370.0,25
411111733,(-) Recuperação por Co-Participação,-24675.0,88
411912782,(-) Glosas,-24844.0,5
411711752,(-) Glosas,-25760.0,14
411611259,(-) Outras Recuperações ,-25946.0,22
411411063,(-) Recuperação por Co-Participação,-26088.0,428
411712754,(-) Recuperação por Reembolso do Contratante,-26129.0,7
411611243,(-) Recuperação por Co-Participação,-26400.0,201
411811032,(-) Reversão da Despesa,-27374.0,304
411612254,(-) Recuperação por Reembolso do Contratante,-27384.0,34
442119029,(-) Dedução de Despesas com Prestação de Serviços - Outros,-28035.0,473
442119021,(-) Dedução de Despesas com Prestação de Serviços - SUS,-29023.0,284
411911242,(-) Glosas,-34350.0,6
411411723,(-) Recuperação por Co-Participação,-34466.0,72
411911222,(-) Glosas,-34500.0,7
411111232,(-) Glosas,-34889.0,265
411511143,(-) Recuperação por Co-Participação,-35474.0,297
411111752,(-) Glosas,-35789.0,117
411712744,(-) Recuperação por Reembolso do Contratante,-37466.0,12
411111082,(-) Glosas,-38633.0,346
411511152,(-) Glosas,-40663.0,133
411811022,(-) Reversão da Despesa,-41042.0,482
411611129,(-) Outras Recuperações ,-41470.0,88
411711262,(-) Glosas,-41516.0,54
411212062,(-) Glosas,-41780.0,260
411712764,(-) Recuperação por Reembolso do Contratante,-42516.0,38
411112784,(-) Recuperação por Reembolso do Contratante,-43148.0,302
411511743,(-) Recuperação por Co-Participação,-43863.0,27
411611112,(-) Glosas,-44039.0,523
461219215,Reclamações Trabalhistas,-44461.0,91
411111013,(-) Recuperação por Co-Participação,-45332.0,430
411811763,(-) Recuperação por Co-Participação,-45950.0,29
411711743,(-) Recuperação por Co-Participação,-47535.0,117
411711732,(-) Glosas,-48700.0,15
411111129,(-) Outras Recuperações ,-49476.0,178
411612053,(-) Recuperação por Co-Participação,-49873.0,230
411711763,(-) Recuperação por Co-Participação,-49941.0,152
411711023,(-) Recuperação por Co-Participação,-50094.0,318
411111112,(-) Glosas,-50599.0,698
411512142,(-) Glosas,-51677.0,60
411411223,(-) Recuperação por Co-Participação,-51988.0,164
411911722,(-) Glosas,-52800.0,3
411611152,(-) Glosas,-53606.0,269
411611269,(-) Outras Recuperações ,-53827.0,55
411112262,(-) Glosas,-55011.0,313
411611033,(-) Recuperação por Co-Participação,-56235.0,242
411611113,(-) Recuperação por Co-Participação,-56636.0,310
411411052,(-) Glosas,-59430.0,306
441919719,(-) Reversão da Prov. Sobre Contraprest. Pecuniárias/Prêmios a Receber de Assist. Méd-Hospitalar,-59781.0,188
411711713,(-) Recuperação por Co-Participação,-59960.0,23
411911062,(-) Glosas,-60000.0,275
411221723,(-) Recuperação por Co-Participação,-61256.0,4
411911262,(-) Glosas,-61450.0,5
411911063,(-) Recuperação por Co-Participação,-61930.0,257
411712164,(-) Recuperação por Reembolso do Contratante,-62072.0,11
411711249,(-) Outras Recuperações ,-64805.0,22
411411262,(-) Glosas,-67992.0,220
411911762,(-) Glosas,-70350.0,4
411511042,(-) Glosas,-71851.0,290
411111049,(-) Outras Recuperações ,-74895.0,335
411712734,(-) Recuperação por Reembolso do Contratante,-77974.0,6
411112163,(-) Recuperação por Co-Participação,-78475.0,118
411111253,(-) Recuperação por Co-Participação,-80926.0,239
411112264,(-) Recuperação por Reembolso do Contratante,-81013.0,228
411211063,(-) Recuperação por Co-Participação,-83831.0,317
411722062,(-) Glosas,-88214.0,271
411111012,(-) Glosas,-97768.0,597
411511123,(-) Recuperação por Co-Participação,-99194.0,365
411412163,(-) Recuperação por Co-Participação,-100071.0,18
411112282,(-) Glosas,-100349.0,416
411611119,(-) Outras Recuperações ,-100392.0,83
411311063,(-) Recuperação por Co-Participação,-100744.0,283
411811122,(-) Reversão da Despesa,-101638.0,58
411711169,(-) Outras Recuperações ,-102807.0,17
411811222,(-) Reversão da Despesa,-102959.0,80
411711742,(-) Glosas,-105880.0,74
411512154,(-) Recuperação por Reembolso do Contratante,-112486.0,50
442119229,(-) Dedução de Despesas com Prestação de Serviços - Outros,-114946.0,184
441619119,(-) Outras,-119374.0,126
411611762,(-) Glosas,-131074.0,110
411511263,(-) Recuperação por Co-Participação,-133675.0,82
431419011,Contraprestações Pecuniárias,-136377.0,335
411122063,(-) Recuperação por Co-Participação,-139638.0,274
411112134,(-) Recuperação por Reembolso do Contratante,-145802.0,68
411611763,(-) Recuperação por Co-Participação,-158712.0,120
411611132,(-) Glosas,-159698.0,208
411211062,(-) Glosas,-161550.0,300
411721062,(-) Glosas,-161727.0,343
411412282,(-) Glosas,-168335.0,147
411711062,(-) Glosas,-170806.0,495
411511282,(-) Glosas,-172671.0,16
411412062,(-) Glosas,-176711.0,314
411411062,(-) Glosas,-178319.0,480
441919129,(-) reversão da Provisão Sobre Demais Créditos de Operações de Assist. Méd-Hospitalar,-179955.0,236
411121042,(-) Glosas,-184077.0,465
411211022,(-) Glosas,-184966.0,297
411221763,(-) Recuperação por Co-Participação,-192074.0,4
411411243,(-) Recuperação por Co-Participação,-192743.0,112
411511162,(-) Glosas,-196784.0,303
441329043,(-) Reversão de Provisão para Contingências,-199383.0,274
411711063,(-) Recuperação por Co-Participação,-199456.0,423
411111742,(-) Glosas,-211736.0,285
411112782,(-) Glosas,-215377.0,228
411511113,(-) Recuperação por Co-Participação,-218563.0,159
411711229,(-) Outras Recuperações ,-223500.0,12
411511062,(-) Glosas,-231767.0,306
411111033,(-) Recuperação por Co-Participação,-241815.0,354
411612162,(-) Glosas,-247271.0,248
411111132,(-) Glosas,-253640.0,304
441919219,(-) Reversão da Prov. Sobre Contraprest. Pecuniárias/Prêmios a Receber de Assist. Méd-Hospitalar,-268659.0,220
411112152,(-) Glosas,-270332.0,153
463719112,Perda por Redução ao Valor Recuperável,-280000.0,10
411611262,(-) Glosas,-298737.0,216
411111233,(-) Recuperação por Co-Participação,-298957.0,203
411111722,(-) Glosas,-305691.0,339
442119239,(-) Reversão da Provisão Sobre Créditos de Oper. Assist. Não Relacionadas com Plano de Saúde,-307878.0,121
414119712,Provisão de Eventos/Sinistros Ocorridos e Não Avisados - SUS,-341174.0,235
442119139,(-) Reversão da Provisão Sobre Créditos de Oper. Assist. Não Relacionadas com Plano de Saúde,-353767.0,226
411111133,(-) Recuperação por Co-Participação,-357781.0,225
411121033,(-) Recuperação por Co-Participação,-359163.0,263
411611162,(-) Glosas,-360129.0,658
411811042,(-) Reversão da Despesa,-379889.0,439
411111153,(-) Recuperação por Co-Participação,-388806.0,330
411711022,(-) Glosas,-389877.0,353
411112744,(-) Recuperação por Reembolso do Contratante,-391825.0,83
411112164,(-) Recuperação por Reembolso do Contratante,-396747.0,297
411111743,(-) Recuperação por Co-Participação,-401271.0,329
411721042,(-) Glosas,-420645.0,289
414129011,Provisão de Eventos/Sinistros Ocorridos e Não Avisados - Outros Prestadores,-425507.0,536
411121053,(-) Recuperação por Co-Participação,-489685.0,264
411111723,(-) Recuperação por Co-Participação,-497931.0,379
411611223,(-) Recuperação por Co-Participação,-498199.0,236
411712064,(-) Recuperação por Reembolso do Contratante,-544610.0,280
411111229,(-) Outras Recuperações ,-553807.0,156
411711712,(-) Glosas,-560731.0,37
411511022,(-) Glosas,-561954.0,292
411511122,(-) Glosas,-563989.0,280
411711723,(-) Recuperação por Co-Participação,-567638.0,126
411521023,(-) Recuperação por Co-Participação,-591700.0,244
411111249,(-) Outras Recuperações ,-599506.0,102
411621062,(-) Glosas,-644935.0,242
441619111,(-) Impostos sobre Faturamento,-652839.0,36
411111162,(-) Glosas,-658995.0,767
411111029,(-) Outras Recuperações ,-675305.0,301
411111113,(-) Recuperação por Co-Participação,-679730.0,554
431419021,Prêmios de Seguro,-695058.0,274
411611122,(-) Glosas,-707216.0,627
411111169,(-) Outras Recuperações ,-732232.0,228
411511063,(-) Recuperação por Co-Participação,-743427.0,327
411111242,(-) Glosas,-746927.0,598
411112082,(-) Glosas,-748157.0,403
411811012,(-) Reversão da Despesa,-766373.0,331
411711032,(-) Glosas,-796983.0,296
411111223,(-) Recuperação por Co-Participação,-880330.0,740
414119112,Provisão de Eventos/Sinistros Ocorridos e Não Avisados - SUS,-919962.0,644
411112044,(-) Recuperação por Reembolso do Contratante,-923557.0,249
411111213,(-) Recuperação por Co-Participação,-931851.0,395
411111122,(-) Glosas,-931933.0,763
441919029,(-) reversão da Provisão Sobre Demais Créditos de Operações de Assist. Méd-Hospitalar,-943761.0,675
411411222,(-) Glosas,-997550.0,207
411511112,(-) Glosas,-1103108.0,243
442119129,(-) Dedução de Despesas com Prestação de Serviços - Outros,-1106723.0,314
441919059,(-) Reversão da Provisão Sobre Taxa de Administração de Benefícios a Receber,-1161667.0,295
411112254,(-) Recuperação por Reembolso do Contratante,-1224439.0,114
411111222,(-) Glosas,-1248661.0,675
411111069,(-) Outras Recuperações ,-1282026.0,405
411622064,(-) Recuperação por Reembolso do Contratante,-1286524.0,235
411112063,(-) Recuperação por Co-Participação,-1357210.0,348
411112033,(-) Recuperação por Co-Participação,-1383783.0,261
471819019,Outras Despesas,-1479362.0,324
441319243,(-) Reversão de Provisão para Contingências,-1611723.0,87
411611142,(-) Glosas,-1652468.0,580
411112154,(-) Recuperação por Reembolso do Contratante,-1748225.0,161
411712062,(-) Glosas,-1918238.0,323
411711052,(-) Glosas,-2070304.0,293
411611062,(-) Glosas,-2118917.0,360
441319143,(-) Reversão de Provisão para Contingências,-2279923.0,156
411611143,(-) Recuperação por Co-Participação,-2413611.0,558
411112069,(-) Outras Recuperações ,-3007263.0,282
411711042,(-) Glosas,-3059128.0,390
411611123,(-) Recuperação por Co-Participação,-3154950.0,605
411111243,(-) Recuperação por Co-Participação,-3159674.0,635
442119039,(-) Reversão da Provisão Sobre Créditos de Oper. Assist. Não Relacionadas com Plano de Saúde,-3544475.0,480
411111212,(-) Glosas,-3572181.0,606
411411022,(-) Glosas,-3606430.0,384
411512062,(-) Glosas,-3712245.0,246
411112144,(-) Recuperação por Reembolso do Contratante,-3991497.0,201
411811062,(-) Reversão da Despesa,-4504169.0,635
411112284,(-) Recuperação por Reembolso do Contratante,-4740945.0,486
411121063,(-) Recuperação por Co-Participação,-4777495.0,430
411111022,(-) Glosas,-4782444.0,803
411121062,(-) Glosas,-5379834.0,528
411111123,(-) Recuperação por Co-Participação,-5634220.0,916
411511163,(-) Recuperação por Co-Participação,-5749886.0,369
411111143,(-) Recuperação por Co-Participação,-5756604.0,790
411511223,(-) Recuperação por Co-Participação,-5957742.0,80
411111142,(-) Glosas,-6117441.0,681
411111769,(-) Outras Recuperações ,-6280193.0,57
411611263,(-) Recuperação por Co-Participação,-6934125.0,246
411611163,(-) Recuperação por Co-Participação,-7065115.0,634
411221063,(-) Recuperação por Co-Participação,-7481682.0,250
414119012,Provisão de Eventos/Sinistros Ocorridos e Não Avisados - SUS,-7738307.0,1373
441619019,(-) Outras,-8014933.0,407
411722064,(-) Recuperação por Reembolso do Contratante,-8735971.0,251
411111063,(-) Recuperação por Co-Participação,-9402859.0,1024
441319043,(-) Reversão de Provisão para Contingências,-10169269.0,546
411512184,(-) Recuperação por Reembolso do Contratante,-11096773.0,353
411512284,(-) Recuperação por Reembolso do Contratante,-11630074.0,82
411111043,(-) Recuperação por Co-Participação,-14468019.0,873
411112182,(-) Glosas,-17367009.0,667
411111763,(-) Recuperação por Co-Participação,-18072362.0,381
411121022,(-) Glosas,-19942419.0,446
411612164,(-) Recuperação por Reembolso do Contratante,-20735167.0,207
411111263,(-) Recuperação por Co-Participação,-21988658.0,754
441919019,(-) Reversão da Prov. Sobre Contraprest. Pecuniárias/Prêmios a Receber de Assist. Méd-Hospitalar,-22205587.0,1355
441919119,(-) Reversão da Prov. Sobre Contraprest. Pecuniárias/Prêmios a Receber de Assist. Méd-Hospitalar,-23553589.0,521
411111032,(-) Glosas,-23685389.0,445
411111023,(-) Recuperação por Co-Participação,-28430172.0,738
411111042,(-) Glosas,-28515783.0,929
411111163,(-) Recuperação por Co-Participação,-33227872.0,936
411111262,(-) Glosas,-39228281.0,649
411122064,(-) Recuperação por Reembolso do Contratante,-55323829.0,255
411112064,(-) Recuperação por Reembolso do Contratante,-136175435.0,331
411112184,(-) Recuperação por Reembolso do Contratante,-188385394.0,905
411111062,(-) Glosas,-1161610316.0,1068
